,R/O,Year,Host_City,Country,Contestant,Song,Points,Place,uri
0,1,2019,Tel-Aviv,Malta,Michela,Chameleon,107,14th,51FonRnKwkcXS6e0qwpEeY
1,2,2019,Tel-Aviv,Albania,Jonida Maliqi,Ktheju tokës,90,17th,7p83db7oriaCul8WzoLr6f
2,3,2019,Tel-Aviv,Czech Republic,Lake Malawi,Friend of a Friend,157,11th,2U7Zc6NrWQgUWdBAIFrzdI
3,4,2019,Tel-Aviv,Germany,S!sters,Sister,24,25th,
4,5,2019,Tel-Aviv,Russia,Sergey Lazarev,Scream,370,3rd,
5,6,2019,Tel-Aviv,Denmark,Leonora,Love Is Forever,120,12th,43k9g3vEP8z0qgkoyHjWV3
6,7,2019,Tel-Aviv,San Marino,Serhat,Say Na Na Na,77,19th,1QiX3OmiJ3AyClandLJoEj
7,8,2019,Tel-Aviv,North Macedonia,Tamara Todevska,Proud,305,7th,
8,9,2019,Tel-Aviv,Sweden,John Lundvik,Too Late For Love,334,5th,6kIdjk3D8XxA2UafE0THGK
9,10,2019,Tel-Aviv,Slovenia,Zala Kralj & Gašper Šantl,Sebi,105,15th,
10,11,2019,Tel-Aviv,Cyprus,Tamta,Replay,109,13th,
11,12,2019,Tel-Aviv,The Netherlands,Duncan Laurence,Arcade,498,1st,1Xi84slp6FryDSCbzq4UCD
12,13,2019,Tel-Aviv,Greece,Katerine Duska,Better Love,74,21st,0QvJ5pNWlnMiLIxr7M6t3N
13,14,2019,Tel-Aviv,Israel,Kobi Marimi,Home,35,23rd,
14,15,2019,Tel-Aviv,Norway,KEiiNO,Spirit in the Sky,331,6th,7B7O5jgFpWfc9orZw6FN4K
15,16,2019,Tel-Aviv,United Kingdom,Michael Rice,Bigger Than Us,11,26th,45VugoW5rHn10hloUhEPcV
16,17,2019,Tel-Aviv,Iceland,Hatari,Hatrið mun sigra,232,10th,1JBqLoGfH1LnGTE0wzAatU
17,18,2019,Tel-Aviv,Estonia,Victor Crone,Storm,76,20th,
18,19,2019,Tel-Aviv,Belarus,ZENA,Like It,31,24th,
19,20,2019,Tel-Aviv,Azerbaijan,Chingiz,Truth,302,8th,
20,21,2019,Tel-Aviv,France,Bilal Hassani,Roi,105,16th,5PBSQUx6KNuKN4nLT21EKy
21,22,2019,Tel-Aviv,Italy,Mahmood,Soldi,472,2nd,4szQkW1CDHqbRZGltXJdd3
22,23,2019,Tel-Aviv,Serbia,Nevena Božović,Kruna,89,18th,0D0yCWxBoaQb55KN3xtvpS
23,24,2019,Tel-Aviv,Switzerland,Luca Hänni,She Got Me,364,4th,19n68Fcyr7LCfDCKdscjLI
24,25,2019,Tel-Aviv,Australia,Kate Miller-Heidke,Zero Gravity,284,9th,4m5FlWpaOri9OrDUj1EoTg
25,26,2019,Tel-Aviv,Spain,Miki,La Venda,54,22nd,
26,1,2018,Lisbon,Ukraine,MELOVIN,Under The Ladder,130,17th,1wPd8pG0VVlffxSuJEV8ko
27,2,2018,Lisbon,Spain,Amaia y Alfred,Tu Canción,61,23rd,
28,3,2018,Lisbon,Slovenia,Lea Sirk,"Hvala, ne!",64,22nd,28J9JZ6boWgzviW7Ut3TMN
29,4,2018,Lisbon,Lithuania,Ieva Zasimauskaitė,When We're Old,181,12th,5vFiuwlEfEcEwPvS5e1icS
30,5,2018,Lisbon,Austria,Cesár Sampson,Nobody But You,342,3rd,
31,6,2018,Lisbon,Estonia,Elina Nechayeva,La Forza,245,8th,32GxSibwrYAGW4ZZ45CGHA
32,7,2018,Lisbon,Norway,Alexander Rybak,That's How You Write A Song,144,15th,4ixnY07lxMziatNqonUB8d
33,8,2018,Lisbon,Portugal,Cláudia Pascoal,O Jardim,39,26th,6PV9CN9a7wHYPQvlXqkWwM
34,9,2018,Lisbon,United Kingdom,SuRie,Storm,48,24th,
35,10,2018,Lisbon,Serbia,Sanja Ilić & Balkanika,Nova Deca,113,19th,
36,11,2018,Lisbon,Germany,Michael Schulte,You Let Me Walk Alone,340,4th,07qlsG6DYRLBbovwca9Vbr
37,12,2018,Lisbon,Albania,Eugent Bushpepa,Mall,184,11th,
38,13,2018,Lisbon,France,Madame Monsieur,Mercy,173,13th,
39,14,2018,Lisbon,Czech Republic,Mikolas Josef,Lie To Me,281,6th,
40,15,2018,Lisbon,Denmark,Rasmussen,Higher Ground,226,9th,
41,16,2018,Lisbon,Australia,Jessica Mauboy,We Got Love,99,20th,7kqujRWNEBhrpYt0eV0uw5
42,17,2018,Lisbon,Finland,Saara Aalto,Monsters,46,25th,
43,18,2018,Lisbon,Bulgaria,EQUINOX,Bones,166,14th,
44,19,2018,Lisbon,Moldova,DoReDoS,My Lucky Day,209,10th,0ThWw4Mty8Sb0mzaXyFvt8
45,20,2018,Lisbon,Sweden,Benjamin Ingrosso,Dance You Off,274,7th,0s3P5PImfDZYWIseR3b39D
46,21,2018,Lisbon,Hungary,AWS,Viszlát Nyár,93,21st,5hC0zQNulh7R4R8pM6gCJ9
47,22,2018,Lisbon,Israel,Netta,TOY,529,1st,6n2eIfLj0wOOUkUfNmYzlh
48,23,2018,Lisbon,The Netherlands,Waylon,Outlaw In 'Em,121,18th,1Ryw2NPudgM1SRGZx91RbL
49,24,2018,Lisbon,Ireland,Ryan O'Shaughnessy,Together,136,16th,
50,25,2018,Lisbon,Cyprus,Eleni Foureira,Fuego,436,2nd,4TwWOcvjY1qt3QJvtveAGm
51,26,2018,Lisbon,Italy,Ermal Meta e Fabrizio Moro,Non Mi Avete Fatto Niente,308,5th,
52,1,2017,Kyiv,Israel,IMRI,I Feel Alive,39,23rd,0uvCOD3I7rr86UEQfXXijF
53,2,2017,Kyiv,Poland,Kasia Moś,Flashlight,64,22nd,
54,3,2017,Kyiv,Belarus,Naviband,Story of My Life,83,17th,
55,4,2017,Kyiv,Austria,Nathan Trent,Running On Air,93,16th,1WpQu8U3quBeGnhpZn0r7N
56,5,2017,Kyiv,Armenia,Artsvik,Fly With Me,79,18th,2m3jN95GjlFt51FeE4a55s
57,6,2017,Kyiv,The Netherlands,OG3NE,Lights and Shadows,150,11th,6xT4IlszcN5bCKlBydmJA8
58,7,2017,Kyiv,Moldova,Sunstroke Project,Hey Mamma,374,3rd,7IVcRgLe3XIn7OEX1E5BoB
59,8,2017,Kyiv,Hungary,Joci Pápai,Origo,200,8th,
60,9,2017,Kyiv,Italy,Francesco Gabbani,Occidentali's Karma,334,6th,4UPyr3Tep8idtAmisAu1qs
61,10,2017,Kyiv,Denmark,Anja,Where I Am,77,20th,
62,11,2017,Kyiv,Portugal,Salvador Sobral,Amar Pelos Dois,758,1st,3UjSOJ00E1eLMcayBm827Q
63,12,2017,Kyiv,Azerbaijan,Dihaj,Skeletons,120,14th,
64,13,2017,Kyiv,Croatia,Jacques Houdek,My Friend,128,13th,
65,14,2017,Kyiv,Australia,Isaiah,Don't Come Easy,173,9th,2xI4CmkT6Bl4s5b4qggcgU
66,15,2017,Kyiv,Greece,Demy,This is Love,77,19th,
67,16,2017,Kyiv,Spain,Manel Navarro,Do It For Your Lover,5,26th,1wwcsua0ofpGmmPaTRg1SX
68,17,2017,Kyiv,Norway,JOWST,Grab The Moment,158,10th,7CiatbFJpSnXnbCiVaGlm0
69,18,2017,Kyiv,United Kingdom,Lucie Jones,Never Give Up On You,111,15th,67bhFQT17Kh4Z7GkyQHGYG
70,19,2017,Kyiv,Cyprus,Hovig,Gravity,68,21st,
71,20,2017,Kyiv,Romania,Ilinca ft. Alex Florea,Yodel It!,282,7th,
72,21,2017,Kyiv,Germany,Levina,Perfect Life,6,25th,04yr4MXjMrQZlZlcdqFtgN
73,22,2017,Kyiv,Ukraine,O.Torvald,Time,36,24th,
74,23,2017,Kyiv,Belgium,Blanche,City Lights,363,4th,
75,24,2017,Kyiv,Sweden,Robin Bengtsson,I Can't Go On,344,5th,715cD5vOTffsOR3MnNYveJ
76,25,2017,Kyiv,Bulgaria,Kristian Kostov,Beautiful Mess,615,2nd,54ibWn7vBabFt6srLwccav
77,26,2017,Kyiv,France,Alma,Requiem,135,12th,
78,1,2016,Stockholm,Belgium,Laura Tesoro,What's The Pressure,181,10th,4d3fHHVvWpwrKK727XE3b1
79,2,2016,Stockholm,Czech Republic,Gabriela Gunčíková,I Stand,41,25th,
80,3,2016,Stockholm,The Netherlands,Douwe Bob,Slow Down,153,11th,
81,4,2016,Stockholm,Azerbaijan,Samra,Miracle,117,17th,
82,5,2016,Stockholm,Hungary,Freddie,Pioneer,108,19th,
83,6,2016,Stockholm,Italy,Francesca Michielin,No Degree Of Separation,124,16th,60hZOS486h0b6nvykyvR7a
84,7,2016,Stockholm,Israel,Hovi Star,Made Of Stars,135,14th,2VdfyGuvpkm8M20swSPT2P
85,8,2016,Stockholm,Bulgaria,Poli Genova,If Love Was A Crime,307,4th,1G5qDCiqei7ozj5ku43TuR
86,9,2016,Stockholm,Sweden,Frans,If I Were Sorry,261,5th,6oDkCmfVcSd9NXAKk1b4Ll
87,10,2016,Stockholm,Germany,Jamie-Lee,Ghost,11,26th,
88,11,2016,Stockholm,France,Amir,J'ai cherché,257,6th,1lzRxwbdl86iJlYMz48KoD
89,12,2016,Stockholm,Poland,Michał Szpak,Color Of Your Life,229,8th,1XoGbKi6ELlajFlNYtIvK3
90,13,2016,Stockholm,Australia,Dami Im,Sound Of Silence,511,2nd,2b9czDPSLTI88694CIqCy3
91,14,2016,Stockholm,Cyprus,Minus One,Alter Ego,96,21st,
92,15,2016,Stockholm,Serbia,Sanja Vučić ZAA,Goodbye (Shelter),115,18th,
93,16,2016,Stockholm,Lithuania,Donny Montell,I've Been Waiting for This Night,200,9th,2FuzZfIyH3Hkr84RjV0Hvd
94,17,2016,Stockholm,Croatia,Nina Kraljić,Lighthouse,73,23rd,
95,18,2016,Stockholm,Russia,Sergey Lazarev,You Are The Only One,491,3rd,6IMHlXaG4aCFWupl9NCZO2
96,19,2016,Stockholm,Spain,Barei,Say Yay!,77,22nd,7DtnbNXYrv8ldS4xqA87tT
97,20,2016,Stockholm,Latvia,Justs,Heartbeat,132,15th,
98,21,2016,Stockholm,Ukraine,Jamala,1944,534,1st,2nxTpjhxLXeyBOxYnRnT76
99,22,2016,Stockholm,Malta,Ira Losco,Walk On Water,153,12th,
100,23,2016,Stockholm,Georgia,Nika Kocharov and Young Georgian Lolitaz,Midnight Gold,104,20th,
101,24,2016,Stockholm,Austria,ZOË,Loin d'ici,151,13th,5lOZLQnj1NRMFW22ojsMjk
102,25,2016,Stockholm,United Kingdom,Joe and Jake,You're Not Alone,62,24th,
103,26,2016,Stockholm,Armenia,Iveta Mukuchyan,LoveWave,249,7th,4EAR7a3MTuT6o54KlNmxMf
104,1,2015,Vienna,Slovenia,Maraaya,Here For You,39,14th,
105,2,2015,Vienna,France,Lisa Angell,N'oubliez Pas,4,25th,4khNyfoM49usoXWeW8KpL0
106,3,2015,Vienna,Israel,Nadav Guedj,Golden Boy,97,9th,6YWFr8BHQrRL4b7RwuqS36
107,4,2015,Vienna,Estonia,Elina Born & Stig Rästa,Goodbye To Yesterday,106,7th,
108,5,2015,Vienna,United Kingdom,Electro Velvet,Still In Love With You,5,24th,4HtQzcTI6wh3Xjj4fAzz2l
109,6,2015,Vienna,Armenia,Genealogy,Face The Shadow,34,16th,
110,7,2015,Vienna,Lithuania,Monika Linkytė and Vaidas Baumila,This Time,30,18th,
111,8,2015,Vienna,Serbia,Bojana Stamenov,Beauty Never Lies,53,10th,0Oe27BTmQBCm24ioA9S50x
112,9,2015,Vienna,Norway,Mørland & Debrah Scarlett,A Monster Like Me,102,8th,
113,10,2015,Vienna,Sweden,Måns Zelmerlöw,Heroes,365,1st,5uSztWifxO3cmeEja82bQs
114,11,2015,Vienna,Cyprus,John Karayiannis,One Thing I Should Have Done,11,22nd,2JmRQyQP78XKWlhAK2Yzml
115,12,2015,Vienna,Australia,Guy Sebastian,Tonight Again,196,5th,
116,13,2015,Vienna,Belgium,Loïc Nottet,Rhythm Inside,217,4th,3O2MsMZHCgSbRGEca5ML1N
117,14,2015,Vienna,Austria,The Makemakes,I Am Yours,—,26th,
118,15,2015,Vienna,Greece,Maria Elena Kyriakou,One Last Breath,23,19th,2fBHIfKDD61I5G10SPBOuJ
119,16,2015,Vienna,Montenegro,Knez,Adio,44,13th,
120,17,2015,Vienna,Germany,Ann Sophie,Black Smoke,—,27th,7Jw44GPatR76FwBwVIqdcg
121,18,2015,Vienna,Poland,Monika Kuszyńska,In The Name Of Love,10,23rd,
122,19,2015,Vienna,Latvia,Aminata,Love Injected,186,6th,1hWgnVgAhxwP2YDLWeh8xh
123,20,2015,Vienna,Romania,Voltaj,De La Capat/ All Over Again,35,15th,3MHTqwEVB3fRhlp0Ebwer3
124,21,2015,Vienna,Spain,Edurne,Amanecer,15,21st,
125,22,2015,Vienna,Hungary,Boggie,Wars For Nothing,19,20th,1tZjWXMJhOoi8BUeICyEeM
126,23,2015,Vienna,Georgia,Nina Sublatti,Warrior,51,11th,
127,24,2015,Vienna,Azerbaijan,Elnur Huseynov,Hour Of The Wolf,49,12th,3XhbPuJJG3MlAP2exjHoVy
128,25,2015,Vienna,Russia,Polina Gagarina,A Million Voices,303,2nd,6VlxdfLIfqf7saVOuerWyR
129,26,2015,Vienna,Albania,Elhaida Dani,I'm Alive,34,17th,
130,27,2015,Vienna,Italy,Il Volo,Grande Amore,292,3rd,4IzDqftkFXUR8G2vaTd3Rb
131,1,2014,Copenhagen,Ukraine,Mariya Yaremchuk,Tick - Tock,113,6th,
132,2,2014,Copenhagen,Belarus,Teo,Cheesecake,43,16th,4g7dROdE3ceRrBqmXR5TNF
133,3,2014,Copenhagen,Azerbaijan,Dilara Kazimova,Start A Fire,33,22nd,
134,4,2014,Copenhagen,Iceland,Pollapönk,No Prejudice,58,15th,6ZAi2xX3hauYCgr1QS21h3
135,5,2014,Copenhagen,Norway,Carl Espen,Silent Storm,88,8th,4FaLpfPfxHBPA0LJcSsrYA
136,6,2014,Copenhagen,Romania,Paula Seling & OVI,Miracle,72,12th,
137,7,2014,Copenhagen,Armenia,Aram MP3,Not Alone,174,4th,
138,8,2014,Copenhagen,Montenegro,Sergej Ćetković,Moj Svijet,37,19th,1bAMRpm6JOcWrt5CUUOeNw
139,9,2014,Copenhagen,Poland,Donatan & Cleo,My Słowianie - We Are Slavic,62,14th,
140,10,2014,Copenhagen,Greece,Freaky Fortune feat. RiskyKidd,Rise Up,35,20th,
141,11,2014,Copenhagen,Austria,Conchita Wurst,Rise Like a Phoenix,290,1st,0fvafkeEoF6Y9gGLK3Wnu3
142,12,2014,Copenhagen,Germany,Elaiza,Is it right,39,18th,2yexaJabgZ6OBOeYSr6JSy
143,13,2014,Copenhagen,Sweden,Sanna Nielsen,Undo,218,3rd,3XhlY1x0LcIyHpZJB1g6WS
144,14,2014,Copenhagen,France,TWIN TWIN,Moustache,2,26th,6ILOO5bZA9x6zanAMO0hKr
145,15,2014,Copenhagen,Russia,Tolmachevy Sisters,Shine,89,7th,
146,16,2014,Copenhagen,Italy,Emma,La Mia Città,33,21st,0DkS9GB9fVpgmIY0I87QOJ
147,17,2014,Copenhagen,Slovenia,Tinkara Kovač,Round and round,9,25th,
148,18,2014,Copenhagen,Finland,Softengine,Something Better,72,11th,
149,19,2014,Copenhagen,Spain,Ruth Lorenzo,Dancing in the rain,74,10th,
150,20,2014,Copenhagen,Switzerland,Sebalter,Hunter Of Stars,64,13th,5pX8S6xCA08WHIbddDnGRP
151,21,2014,Copenhagen,Hungary,András Kállay-Saunders,Running,143,5th,
152,22,2014,Copenhagen,Malta,Firelight,Coming Home,32,23rd,
153,23,2014,Copenhagen,Denmark,Basim,Cliche Love Song,74,9th,6r8sLTu4D4k27kmeSoCTzB
154,24,2014,Copenhagen,The Netherlands,The Common Linnets,Calm After The Storm,238,2nd,6C2GZHFFO8uXuMYCHiW5Y4
155,25,2014,Copenhagen,San Marino,Valentina Monetta,Maybe (Forse),14,24th,
156,26,2014,Copenhagen,United Kingdom,Molly,Children of the Universe,40,17th,
157,1,2013,Malmo,France,Amandine Bourgeois,L'enfer Et Moi,14,23rd,3mwZp69BqdKAkstJQyrcNd
158,2,2013,Malmo,Lithuania,Andrius Pojavis,Something,17,22nd,
159,3,2013,Malmo,Moldova,Aliona Moon,O Mie,71,11th,2OQ8r8PyqHRQgP5rZoNk5K
160,4,2013,Malmo,Finland,Krista Siegfrids,Marry Me,13,24th,
161,5,2013,Malmo,Spain,ESDM,Contigo Hasta El Final (With You Until The End),8,25th,
162,6,2013,Malmo,Belgium,Roberto Bellarosa,Love Kills,71,12th,0FyoA6hNmCcGN5JKx8Rddp
163,7,2013,Malmo,Estonia,Birgit,Et Uus Saaks Alguse,19,20th,1AyIVywds9OFxkhRXdPQ7j
164,8,2013,Malmo,Belarus,Alyona Lanskaya,Solayoh,48,16th,1PYaCFko32RUtuSMuQTRAT
165,9,2013,Malmo,Malta,Gianluca,Tomorrow,120,8th,
166,10,2013,Malmo,Russia,Dina Garipova,What If,174,5th,
167,11,2013,Malmo,Germany,Cascada,Glorious,18,21st,
168,12,2013,Malmo,Armenia,Dorians,Lonely Planet,41,18th,
169,13,2013,Malmo,The Netherlands,Anouk,Birds,114,9th,
170,14,2013,Malmo,Romania,Cezar,It's My Life,65,13th,
171,15,2013,Malmo,United Kingdom,Bonnie Tyler,Believe In Me,23,19th,
172,16,2013,Malmo,Sweden,Robin Stjernberg,You,62,14th,
173,17,2013,Malmo,Hungary,ByeAlex,Kedvesem (Zoohacker Remix),84,10th,4TehWvsJK8Inb4esGxtNDc
174,18,2013,Malmo,Denmark,Emmelie de Forest,Only Teardrops,281,1st,
175,19,2013,Malmo,Iceland,Eythor Ingi,Ég Á Líf,47,17th,4Q0yu5ez3b3zFaTLNtdduq
176,20,2013,Malmo,Azerbaijan,Farid Mammadov,Hold Me,234,2nd,
177,21,2013,Malmo,Greece,Koza Mostra feat. Agathon Iakovidis,Alcohol Is Free,152,6th,
178,22,2013,Malmo,Ukraine,Zlata Ognevich,Gravity,214,3rd,
179,23,2013,Malmo,Italy,Marco Mengoni,L'Essenziale,126,7th,5klQSk2bLb0U3vnvGJUZf4
180,24,2013,Malmo,Norway,Margaret Berger,I Feed You My Love,191,4th,4q8NpLGEVaMLLzlnoaYgV6
181,25,2013,Malmo,Georgia,Nodi Tatishvili & Sophie Gelovani,Waterfall,50,15th,
182,26,2013,Malmo,Ireland,Ryan Dolan,Only Love Survives,5,26th,4LVHVbWMCthAmnN9RJOqip
183,1,2012,Baku,United Kingdom,Engelbert Humperdinck,Love Will Set You Free,12,25th,0gbIrlLpSKnonxTfdWI3zA
184,2,2012,Baku,Hungary,Compact Disco,Sound Of Our Hearts,19,24th,5RNQYSq4W6SyvzjG0aNcdV
185,3,2012,Baku,Albania,Rona Nishliu,Suus,146,5th,
186,4,2012,Baku,Lithuania,Donny Montell,Love Is Blind,70,14th,
187,5,2012,Baku,Bosnia & Herzegovina,Maya Sar,Korake Ti Znam,55,18th,2pDv9QdZ6hpdGyi0qFG8Js
188,6,2012,Baku,Russia,Buranovskiye Babushki,Party For Everybody,259,2nd,
189,7,2012,Baku,Iceland,Greta Salóme & Jónsi,Never Forget,46,20th,
190,8,2012,Baku,Cyprus,Ivi Adamou,La La Love,65,16th,
191,9,2012,Baku,France,Anggun,Echo (You And I),21,22nd,1iqnkBWge47Yhboceuceas
192,10,2012,Baku,Italy,Nina Zilli,L'Amore È Femmina (Out Of Love),101,9th,
193,11,2012,Baku,Estonia,Ott Lepland,Kuula,120,6th,4AKJSL7TqJ1JwSdTMm45ht
194,12,2012,Baku,Norway,Tooji,Stay,7,26th,
195,13,2012,Baku,Azerbaijan,Sabina Babayeva,When The Music Dies,150,4th,1w2jm6QteAq3qw9xAYSe2W
196,14,2012,Baku,Romania,Mandinga,Zaleilah,71,12th,73VPoYetnfQbWT8R9QJzaD
197,15,2012,Baku,Denmark,Soluna Samay,Should've Known Better,21,23rd,
198,16,2012,Baku,Greece,Eleftheria Eleftheriou,Aphrodisiac,64,17th,47qzVDvkWDUu3yUL3jnFlC
199,17,2012,Baku,Sweden,Loreen,Euphoria,372,1st,2knr7ikPt4l7bk92qS4ZXW
200,18,2012,Baku,Turkey,Can Bonomo,Love Me Back,112,7th,6Sa2IXbpv1TTpYdBY0dJXH
201,19,2012,Baku,Spain,Pastora Soler,Quédate Conmigo (Stay With Me),97,10th,
202,20,2012,Baku,Germany,Roman Lob,Standing Still,110,8th,
203,21,2012,Baku,Malta,Kurt Calleja,This Is The Night,41,21st,3crsaMSUy4NWIm0ARcMRFK
204,22,2012,Baku,North Macedonia,Kaliopi,Crno I Belo,71,13th,1tvQ2CzMCbcVGylkU9u8TS
205,23,2012,Baku,Ireland,Jedward,Waterline,46,19th,0xCMGAf80y3dUevG2qXpvS
206,24,2012,Baku,Serbia,Željko Joksimović,Nije Ljubav Stvar,214,3rd,06yHUA1bk2QnwjtXAvufcE
207,25,2012,Baku,Ukraine,Gaitana,Be My Guest,65,15th,
208,26,2012,Baku,Moldova,Pasha Parfeny,Lăutar,81,11th,
209,1,2011,Dusseldorf,Finland,Paradise Oskar,Da Da Dam,57,21st,2rckqWWzE0HM3C6ZppBr0f
210,2,2011,Dusseldorf,Bosnia & Herzegovina,Dino Merlin,Love In Rewind,125,6th,60w4OUxN2PmTnlrgk4aRBX
211,3,2011,Dusseldorf,Denmark,A Friend In London,New Tomorrow,134,5th,0roS9EnPrJlnpdyBtcie8R
212,4,2011,Dusseldorf,Lithuania,Evelina Sašenko,C'est Ma Vie,63,19th,
213,5,2011,Dusseldorf,Hungary,Kati Wolf,What About My Dreams?,53,22nd,
214,6,2011,Dusseldorf,Ireland,Jedward,Lipstick,119,8th,
215,7,2011,Dusseldorf,Sweden,Eric Saade,Popular,185,3rd,
216,8,2011,Dusseldorf,Estonia,Getter Jaani,Rockefeller Street,44,24th,37s8uwIjw72XfMseKJXNOO
217,9,2011,Dusseldorf,Greece,Loucas Yiorkas feat. Stereo Mike,Watch My Dance,120,7th,
218,10,2011,Dusseldorf,Russia,Alexej Vorobjov,Get You,77,16th,
219,11,2011,Dusseldorf,France,Amaury Vassili,Sognu,82,15th,3ZMFGLy09TWcbWgLJjaKEz
220,12,2011,Dusseldorf,Italy,Raphael Gualazzi,Madness Of Love,189,2nd,6prnx4byUI5sRfW6Ub5BT6
221,13,2011,Dusseldorf,Switzerland,Anna Rossinelli,In Love For A While,19,25th,4GtO1RnTMOhGusfp63Q3MN
222,14,2011,Dusseldorf,United Kingdom,Blue,I Can,100,11th,
223,15,2011,Dusseldorf,Moldova,Zdob și Zdub,So Lucky,97,12th,4AUdbSiP8eGcJK75p4bIDK
224,16,2011,Dusseldorf,Germany,Lena,Taken By A Stranger,107,10th,
225,17,2011,Dusseldorf,Romania,Hotel FM,Change,77,17th,
226,18,2011,Dusseldorf,Austria,Nadine Beiler,The Secret Is Love,64,18th,6w44eqrgNiCQqPNwGaTSSJ
227,19,2011,Dusseldorf,Azerbaijan,Ell/Nikki,Running Scared,221,1st,
228,20,2011,Dusseldorf,Slovenia,Maja Keuc,No One,96,13th,
229,21,2011,Dusseldorf,Iceland,Sjonni's Friends,Coming Home,61,20th,
230,22,2011,Dusseldorf,Spain,Lucía Pérez,Que Me Quiten Lo Bailao - They Can't Take The Fun Away From Me,50,23rd,
231,23,2011,Dusseldorf,Ukraine,Mika Newton,Angel,159,4th,
232,24,2011,Dusseldorf,Serbia,Nina,Čaroban,85,14th,
233,25,2011,Dusseldorf,Georgia,Eldrine,One More Day,110,9th,
234,1,2010,Oslo,Azerbaijan,Safura,Drip Drop,145,5th,
235,2,2010,Oslo,Spain,Daniel Diges,Algo Pequeñito (Something Tiny),68,15th,
236,3,2010,Oslo,Norway,Didrik Solli-Tangen,My Heart Is Yours,35,20th,7FnI80Vp8EjRwyhvdMqsR3
237,4,2010,Oslo,Moldova,Sunstroke Project & Olia Tira,Run Away,27,22nd,
238,5,2010,Oslo,Cyprus,Jon Lilygreen & The Islanders,Life Looks Better In Spring,27,21st,
239,6,2010,Oslo,Bosnia & Herzegovina,Vukašin Brajić,Thunder And Lightning,51,17th,
240,7,2010,Oslo,Belgium,Tom Dice,Me And My Guitar,143,6th,4cdzY3vgDsEhlnBk3PhrRO
241,8,2010,Oslo,Serbia,Milan Stanković,Ovo Je Balkan,72,13th,
242,9,2010,Oslo,Belarus,3+2,Butterflies,18,24th,
243,10,2010,Oslo,Ireland,Niamh Kavanagh,It's For You,25,23rd,5YCF8B3rQbudjv78Uw4rPt
244,11,2010,Oslo,Greece,Giorgos Alkaios & Friends,OPA,140,8th,
245,12,2010,Oslo,United Kingdom,Josh,That Sounds Good To Me,10,25th,
246,13,2010,Oslo,Georgia,Sofia Nizharadze,Shine,136,9th,
247,14,2010,Oslo,Turkey,maNga,We Could Be The Same,170,2nd,19BkfCQ8jcAlb33zf7jzVa
248,15,2010,Oslo,Albania,Juliana Pasha,It's All About You,62,16th,
249,16,2010,Oslo,Iceland,Hera Björk,Je Ne Sais Quoi,41,19th,5htZ21M2zhg3WLTib7YQ5r
250,17,2010,Oslo,Ukraine,Alyosha,Sweet People,108,10th,7CJ8kE34MpQpL8jZUazdPt
251,18,2010,Oslo,France,Jessy Matador,Allez Ola Olé,82,12th,1xSl7uE9De7aLDEGXahCJB
252,19,2010,Oslo,Romania,Paula Seling & Ovi,Playing With Fire,162,3rd,
253,20,2010,Oslo,Russia,Peter Nalitch & Friends,Lost And Forgotten,90,11th,
254,21,2010,Oslo,Armenia,Eva Rivas,Apricot Stone,141,7th,
255,22,2010,Oslo,Germany,Lena,Satellite,246,1st,
256,23,2010,Oslo,Portugal,Filipa Azevedo,Há Dias Assim,43,18th,
257,24,2010,Oslo,Israel,Harel Skaat,Milim,71,14th,
258,25,2010,Oslo,Denmark,Chanée & N'evergreen,In A Moment Like This,149,4th,
259,1,2009,Moscow,Lithuania,Sasha Son,Love,23,23rd,
260,2,2009,Moscow,Israel,Noa & Mira Awad,There Must Be Another Way,53,16th,
261,3,2009,Moscow,France,Patricia Kaas,Et S'il Fallait Le Faire,107,8th,068tmpCeSwnAWm3XtECRj9
262,4,2009,Moscow,Sweden,Malena Ernman,La Voix,33,21st,
263,5,2009,Moscow,Croatia,Igor Cukrov feat. Andrea,Lijepa Tena,45,18th,
264,6,2009,Moscow,Portugal,Flor-de-lis,Todas As Ruas Do Amor,57,15th,0tUCbArcV1LIbXSEye6uys
265,7,2009,Moscow,Iceland,Yohanna,Is It True?,218,2nd,0WVmw3JD2FMQClBH9ZZGbf
266,8,2009,Moscow,Greece,Sakis Rouvas,This Is Our Night,120,7th,3KcRTivsw7hbxSRMGDtsMS
267,9,2009,Moscow,Armenia,Inga & Anush,Jan Jan,92,10th,
268,10,2009,Moscow,Russia,Anastasia Prikhodko,Mamo,91,11th,
269,11,2009,Moscow,Azerbaijan,AySel & Arash,Always,207,3rd,
270,12,2009,Moscow,Bosnia & Herzegovina,Regina,Bistra Voda,106,9th,72pPz0QL8HncjUkgFJguHb
271,13,2009,Moscow,Moldova,Nelly Ciobanu,Hora Din Moldova,69,14th,6Jg3xcScQ00BiVMKM915yL
272,14,2009,Moscow,Malta,Chiara,What If We,31,22nd,
273,15,2009,Moscow,Estonia,Urban Symphony,Rändajad,129,6th,6IiZBBFqyyK3CLo9BqmmAH
274,16,2009,Moscow,Denmark,Brinck,Believe Again,74,13th,
275,17,2009,Moscow,Germany,Alex Swings Oscar Sings!,Miss Kiss Kiss Bang,35,20th,0LUwe0PKdjLtAoq4uRIGzT
276,18,2009,Moscow,Turkey,Hadise,Düm Tek Tek,177,4th,3SxMoYjub3X3q5hJm9ZPyM
277,19,2009,Moscow,Albania,Kejsi Tola,Carry Me In Your Dreams,48,17th,2RXAceow4zcK8jRSIdfbeH
278,20,2009,Moscow,Norway,Alexander Rybak,Fairytale,387,1st,2rzWSywjwzbysCmdOzssFR
279,21,2009,Moscow,Ukraine,Svetlana Loboda,Be my Valentine! (Anti-crisis Girl),76,12th,
280,22,2009,Moscow,Romania,Elena,The Balkan Girls,40,19th,32e6HtEtm1N8MEcvV4Mq6k
281,23,2009,Moscow,United Kingdom,Jade Ewen,It's My Time,173,5th,
282,24,2009,Moscow,Finland,Waldo's People,Lose Control,22,25th,
283,25,2009,Moscow,Spain,Soraya,La Noche Es Para Mí (The Night Is For Me),23,24th,
284,1,2008,Belgrade,Romania,Nico & Vlad,Pe-o Margine De Lume,45,20th,
285,2,2008,Belgrade,United Kingdom,Andy Abraham,Even If,14,25th,
286,3,2008,Belgrade,Albania,Olta Boka,Zemrën E Lamë Peng,55,17th,1SmtEzPZF7FucrJDAYG4xC
287,4,2008,Belgrade,Germany,No Angels,Disappear,14,23rd,
288,5,2008,Belgrade,Armenia,Sirusho,"Qele, Qele",199,4th,11HGVXkQeb543M75hMBnOM
289,6,2008,Belgrade,Bosnia & Herzegovina,Laka,Pokušaj,110,10th,
290,7,2008,Belgrade,Israel,Boaz,The Fire In Your Eyes,124,9th,
291,8,2008,Belgrade,Finland,Teräsbetoni,Missä Miehet Ratsastaa,35,22nd,5wWBhkYsdktIIkRHAHzZAx
292,9,2008,Belgrade,Croatia,Kraljevi Ulice & 75 Cents,Romanca,44,21st,
293,10,2008,Belgrade,Poland,Isis Gee,For Life,14,24th,
294,11,2008,Belgrade,Iceland,Euroband,This Is My Life,64,14th,
295,12,2008,Belgrade,Turkey,Mor ve Ötesi,Deli,138,7th,
296,13,2008,Belgrade,Portugal,Vânia Fernandes,Senhora Do Mar (Negras Águas),69,13th,6Aj4aFFUNpLdanLlxIJ2v5
297,14,2008,Belgrade,Latvia,Pirates Of The Sea,Wolves Of The Sea,83,12th,
298,15,2008,Belgrade,Sweden,Charlotte Perrelli,Hero,47,18th,
299,16,2008,Belgrade,Denmark,Simon Mathew,All Night Long,60,15th,
300,17,2008,Belgrade,Georgia,Diana Gurtskaya,Peace Will Come,83,11th,
301,18,2008,Belgrade,Ukraine,Ani Lorak,Shady Lady,230,2nd,5devjcsxeVnwYQbaYJ2Ewx
302,19,2008,Belgrade,France,Sébastien Tellier,Divine,47,19th,
303,20,2008,Belgrade,Azerbaijan,Elnur & Samir,Day After Day,132,8th,
304,21,2008,Belgrade,Greece,Kalomira,Secret Combination,218,3rd,1E6EOpzAkHbKAMZscImC41
305,22,2008,Belgrade,Spain,Rodolfo Chikilicuatre,Baila El Chiki Chiki,55,16th,7wUKRQMHG0fI3DBzi6Tp29
306,23,2008,Belgrade,Serbia,Jelena Tomašević feat. Bora Dugic,Oro,160,6th,
307,24,2008,Belgrade,Russia,Dima Bilan,Believe,272,1st,
308,25,2008,Belgrade,Norway,Maria,Hold On Be Strong,182,5th,
309,1,2007,Helsinki,Bosnia & Herzegovina,Marija Sestic,Rijeka Bez Imena,106,11th,
310,2,2007,Helsinki,Spain,NASH,I Love You Mi Vida,43,20th,
311,3,2007,Helsinki,Belarus,Dmitry Koldun,Work Your Magic,145,6th,
312,4,2007,Helsinki,Ireland,Dervish,They Can't Stop The Spring,5,24th,
313,5,2007,Helsinki,Finland,Hanna Pakarinen,Leave Me Alone,53,17th,
314,6,2007,Helsinki,North Macedonia,Karolina,Mojot Svet,73,14th,
315,7,2007,Helsinki,Slovenia,Alenka Gotar,Cvet Z Juga,66,15th,5TyLmF69awrR61SO4v0NT4
316,8,2007,Helsinki,Hungary,Magdi Rúzsa,Unsubstantial Blues,128,9th,
317,9,2007,Helsinki,Lithuania,4Fun,Love Or Leave,28,21st,
318,10,2007,Helsinki,Greece,Sarbel,Yassou Maria,139,7th,1t2zJs2ukKjrVNGQgot9bk
319,11,2007,Helsinki,Georgia,Sopho,Visionary Dream,97,12th,
320,12,2007,Helsinki,Sweden,The Ark,The Worrying Kind,51,18th,45DP2cidC1BdeIU0WmjIYY
321,13,2007,Helsinki,France,Les Fatals Picards,L'amour à La Française,19,22nd,
322,14,2007,Helsinki,Latvia,Bonaparti.lv,Questa Notte,54,16th,
323,15,2007,Helsinki,Russia,Serebro,Song # 1,207,3rd,6UYZElHRYzX5cCnROcG7QX
324,16,2007,Helsinki,Germany,Roger Cicero,Frauen Regieren Die Welt,49,19th,1mPCxdc4hpJ8r2qPnyMYcW
325,17,2007,Helsinki,Serbia,Marija Šerifović,Molitva,268,1st,1ue71r2sNUvl4LSqvgVVcZ
326,18,2007,Helsinki,Ukraine,Verka Serduchka,Dancing Lasha Tumbai,235,2nd,3ve2mVR6BkXuNWfHVoA5yu
327,19,2007,Helsinki,United Kingdom,Scooch,Flying The Flag (for You),19,22nd,4OT9lDdobsAPaKgtiUhIpv
328,20,2007,Helsinki,Romania,Todomondo,"Liubi, Liubi, I Love You",84,13th,
329,21,2007,Helsinki,Bulgaria,Elitsa Todorova & Stoyan Yankulov,Water,157,5th,
330,22,2007,Helsinki,Turkey,Kenan Dogulu,Shake It Up Shekerim,163,4th,
331,23,2007,Helsinki,Armenia,Hayko,Anytime You Need,138,8th,6COUoYEPyrdfwSSsAZXoYt
332,24,2007,Helsinki,Moldova,Natalia Barbu,Fight,109,10th,
333,1,2006,Athens,Switzerland,Six4One,If We All Give A Little,30,16th,2dMGxoGXtapU26WYizhFjl
334,2,2006,Athens,Moldova,Arsenium & Natalia Gordienko,Loca,22,20th,
335,3,2006,Athens,Israel,Eddie Butler,Ze Hazman,4,23rd,
336,4,2006,Athens,Latvia,Cosmos,I Hear Your Heart,30,16th,
337,5,2006,Athens,Norway,Christine Guldbrandsen,Alvedansen,36,14th,
338,6,2006,Athens,Spain,Las Ketchup,Bloody Mary,18,21st,
339,7,2006,Athens,Malta,Fabrizio Faniello,I Do,1,24th,
340,8,2006,Athens,Germany,Texas Lightning,"No, No, Never",36,14th,5EEiZp74udn1TOG6ty9Pq6
341,9,2006,Athens,Denmark,Sidsel Ben Semmane,Twist Of Love,26,18th,
342,10,2006,Athens,Russia,Dima Bilan,Never Let You Go,248,2nd,
343,11,2006,Athens,North Macedonia,Elena Risteska,Ninanajna,56,12th,
344,12,2006,Athens,Romania,Mihai Traistariu,Tornero,172,4th,17SxtluFIibupyH59gAnuS
345,13,2006,Athens,Bosnia & Herzegovina,Hari Mata Hari,Lejla,229,3rd,0xDQnj1CobUOFmVsovknB1
346,14,2006,Athens,Lithuania,LT United,We Are The Winners,162,6th,2QNb0E7tUeL5fCQFY5Pf02
347,15,2006,Athens,United Kingdom,Daz Sampson,Teenage Life,25,19th,
348,16,2006,Athens,Greece,Anna Vissi,Everything,128,9th,
349,17,2006,Athens,Finland,Lordi,Hard Rock Hallelujah,292,1st,0YbGwvrS8Mp1BrdsF33fFH
350,18,2006,Athens,Ukraine,Tina Karol,Show Me Your Love,145,7th,
351,19,2006,Athens,France,Virginie Pouchin,Il était Temps,5,22nd,
352,20,2006,Athens,Croatia,Severina,Moja Štikla,56,12th,3pfBXeCurFSU3e896fXVLm
353,21,2006,Athens,Ireland,Brian Kennedy,Every Song Is A Cry For Love,93,10th,4U7WC5GYgDSFo5pKKoUq7u
354,22,2006,Athens,Sweden,Carola,Invincible,170,5th,
355,23,2006,Athens,Turkey,Sibel Tüzün,Superstar,91,11th,
356,24,2006,Athens,Armenia,André,Without Your Love,129,8th,
357,1,2005,Kyiv,Hungary,NOX,Forogj Világ,97,12th,1MaUE0VmsQwA0ktD0KDjv4
358,2,2005,Kyiv,United Kingdom,Javine,Touch My Fire,18,22nd,
359,3,2005,Kyiv,Malta,Chiara,Angel,192,2nd,
360,4,2005,Kyiv,Romania,Luminita Anghel & Sistem,Let Me Try,158,3rd,
361,5,2005,Kyiv,Norway,Wig Wam,In My Dreams,125,9th,
362,6,2005,Kyiv,Turkey,Gülseren,Rimi Rimi Ley,92,13th,
363,7,2005,Kyiv,Moldova,Zdob si Zdub,Boonika Bate Toba,148,6th,
364,8,2005,Kyiv,Albania,Ledina Celo,Tomorrow I Go,53,16th,
365,9,2005,Kyiv,Cyprus,Constantinos Christoforou,Ela Ela,46,18th,
366,10,2005,Kyiv,Spain,Son de sol,Brujería,28,21st,
367,11,2005,Kyiv,Israel,Shiri Maymon,Hasheket Shenish'ar,154,4th,
368,12,2005,Kyiv,Serbia & Montenegro,No Name,Zauvijek Moja,137,7th,
369,13,2005,Kyiv,Denmark,Jakob Sveistrup,Talking To You,125,9th,
370,14,2005,Kyiv,Sweden,Martin Stenmarck,Las Vegas,30,19th,
371,15,2005,Kyiv,North Macedonia,Martin Vucic,Make My Day,52,17th,
372,16,2005,Kyiv,Ukraine,Greenjolly,Razom Nas Bahato,30,19th,
373,17,2005,Kyiv,Germany,Gracia,Run & Hide,4,24th,
374,18,2005,Kyiv,Croatia,Boris Novkovic feat. Lado members,Vukovi Umiru Sami,115,11th,
375,19,2005,Kyiv,Greece,Helena Paparizou,My Number One,230,1st,6LkCvCc9oFoLDv4DLhzTox
376,20,2005,Kyiv,Russia,Natalia Podolskaya,Nobody Hurt No One,57,15th,6DYiyz19lGZojZFyj1OIfZ
377,21,2005,Kyiv,Bosnia & Herzegovina,Feminnem,Call Me,79,14th,
378,22,2005,Kyiv,Switzerland,Vanilla Ninja,Cool Vibes,128,8th,0zOVfyrwPS7FY7REBQDlvD
379,23,2005,Kyiv,Latvia,Walter & Kazha,The War Is Not Over,153,5th,
380,24,2005,Kyiv,France,Ortal,Chacun Pense à Soi,11,23rd,
381,1,2004,Istanbul,Spain,Ramón,Para Llenarme De Ti,87,10th,7htPtEKuXTDQdUfpz6h2XO
382,2,2004,Istanbul,Austria,Tie Break,Du Bist,9,21st,
383,3,2004,Istanbul,Norway,Knut Anders Sørum,High,3,24th,
384,4,2004,Istanbul,France,Jonatan Cerrada,A Chaque Pas,40,15th,
385,5,2004,Istanbul,Serbia & Montenegro,Željko Joksimović,Lane Moje,263,2nd,7JmOLZXjPRADNG2ueAMJ0Z
386,6,2004,Istanbul,Malta,Julie & Ludwig,On Again... Off Again,50,12th,
387,7,2004,Istanbul,The Netherlands,Re-union,Without You,11,20th,
388,8,2004,Istanbul,Germany,Max (Maximilian Mutzke),Can't Wait Until Tonight,93,8th,
389,9,2004,Istanbul,Albania,Anjeza Shahini,The Image Of You,106,7th,
390,10,2004,Istanbul,Ukraine,Ruslana,Wild Dances,280,1st,1Lav2Z3RKu71MJLIjQz4dQ
391,11,2004,Istanbul,Croatia,Ivan Mikulic,You Are The Only One,50,12th,
392,12,2004,Istanbul,Bosnia & Herzegovina,Deen,In The Disco,91,9th,2wdhxJI8rvKq1VCRZsiEuA
393,13,2004,Istanbul,Belgium,Xandee,1 Life,7,22nd,
394,14,2004,Istanbul,Russia,Julia Savicheva,Believe Me,67,11th,
395,15,2004,Istanbul,North Macedonia,Tose Proeski,Life,47,14th,
396,16,2004,Istanbul,Greece,Sakis Rouvas,Shake It,252,3rd,
397,17,2004,Istanbul,Iceland,Jónsi,Heaven,16,19th,
398,18,2004,Istanbul,Ireland,Chris Doran,If My World Stopped Turning,7,22nd,2w7K4PVdNAaGWwY9wlGzrb
399,19,2004,Istanbul,Poland,Blue Cafe,Love Song,27,17th,
400,20,2004,Istanbul,United Kingdom,James Fox,Hold On To Our Love,29,16th,
401,21,2004,Istanbul,Cyprus,Lisa Andreas,Stronger Every Minute,170,5th,
402,22,2004,Istanbul,Turkey,Athena,For Real,195,4th,
403,23,2004,Istanbul,Romania,Sanda Ladosi,I Admit,18,18th,
404,24,2004,Istanbul,Sweden,Lena Philipsson,It Hurts,170,5th,
405,1,2003,Riga,Iceland,Birgitta,Open Your Heart,81,8th,
406,2,2003,Riga,Austria,Alf Poier,Weil Der Mensch Zählt,101,6th,4icOtq9jmgpmURhMRv0ZRN
407,3,2003,Riga,Ireland,Mickey Harte,Weve Got The World,53,11th,0ZO6ZOgVzJyZbmauzo5HEK
408,4,2003,Riga,Turkey,Sertab Erener,Everyway That I Can,167,1st,6eSegCmgoWltb2VKsXmLOa
409,5,2003,Riga,Malta,Lynn Chirchop,To Dream Again,4,25th,
410,6,2003,Riga,Bosnia & Herzegovina,Mija Martina,Ne Brini,27,16th,
411,7,2003,Riga,Portugal,Rita Guerra,Deixa-me Sonhar,13,22nd,3hXedzb7JJIYiyowOCxwJL
412,8,2003,Riga,Croatia,Claudia Beni,Vie Nisam Tvoja,29,15th,
413,9,2003,Riga,Cyprus,Stelios Constantas,Feeling Alive,15,20th,
414,10,2003,Riga,Germany,Lou,Let's Get Happy,53,11th,
415,11,2003,Riga,Russia,t.A.T.u.,"Ne Ver, Ne Boisia",164,3rd,4MuQWNaW51V9LRocFQUZRU
416,12,2003,Riga,Spain,Beth,Dime,81,8th,
417,13,2003,Riga,Israel,Lior Narkis,Words For Love,17,19th,
418,14,2003,Riga,The Netherlands,Esther Hart,One More Night,45,13th,
419,15,2003,Riga,United Kingdom,Jemini,Cry Baby,—,26th,
420,16,2003,Riga,Ukraine,Olexandr,Hasta La Vista,30,14th,
421,17,2003,Riga,Greece,Mando,Never Let You Go,25,17th,
422,18,2003,Riga,Norway,Jostein Hasselgård,I'm Not Afraid To Move On,123,4th,
423,19,2003,Riga,France,Louisa Baileche,Monts Et Merveilles,19,18th,
424,20,2003,Riga,Poland,Ich Troje,Keine Grenzen - Zadnych Granic,90,7th,
425,21,2003,Riga,Latvia,F.L.Y.,Hello From Mars,5,24th,
426,22,2003,Riga,Belgium,Urban Trad,Sanomi,165,2nd,3z6rnKobVgVCYIDy43MU7z
427,23,2003,Riga,Estonia,Ruffus,Eighties Coming Back,14,21st,
428,24,2003,Riga,Romania,Nicola,Dont Break My Heart,73,10th,
429,25,2003,Riga,Sweden,Fame,Give Me Your Love,107,5th,
430,26,2003,Riga,Slovenia,Karmen,Nanana,7,23rd,
431,1,2002,Tallinn,Cyprus,One,Gimme,85,6th,
432,2,2002,Tallinn,United Kingdom,Jessica Garlick,Come Back,111,3rd,
433,3,2002,Tallinn,Austria,Manuel Ortega,Say A Word,26,18th,
434,4,2002,Tallinn,Greece,Michalis Rakintzis,S.A.G.A.P.O.,27,17th,
435,5,2002,Tallinn,Spain,Rosa,Europe's Living A Celebration,81,7th,
436,6,2002,Tallinn,Croatia,Vesna Pisarovic,Everything I Want,44,11th,
437,7,2002,Tallinn,Russia,Prime minister,Northern Girl,55,10th,
438,8,2002,Tallinn,Estonia,Sahléne,Runaway,111,3rd,
439,9,2002,Tallinn,North Macedonia,Karolina,Od Nas Zavisi,25,19th,
440,10,2002,Tallinn,Israel,Sarit Hadad,Light A Candle,37,12th,
441,11,2002,Tallinn,Switzerland,Francine Jordi,Dans Le Jardin De Mon Âme,15,22nd,
442,12,2002,Tallinn,Sweden,Afro-dite,Never Let It Go,72,8th,2GrL18XXUxfzIWNdDLq32d
443,13,2002,Tallinn,Finland,Laura,Addicted To You,24,20th,
444,14,2002,Tallinn,Denmark,Malene,Tell Me Who You Are,7,24th,
445,15,2002,Tallinn,Bosnia & Herzegovina,Maja,Na Jastuku Za Dvoje,33,13th,
446,16,2002,Tallinn,Belgium,Sergio & the Ladies,Sister,33,13th,
447,17,2002,Tallinn,France,Sandrine François,Il Faut Du Temps,104,5th,
448,18,2002,Tallinn,Germany,Corinna May,I Can't Live Without Music,17,21st,
449,19,2002,Tallinn,Turkey,Buket Bengisu & Saphire,Leylaklar Soldu Kalbinde,29,16th,
450,20,2002,Tallinn,Malta,Ira Losco,7th Wonder,164,2nd,6rF1ZmDKZKhEv49l2OrYCl
451,21,2002,Tallinn,Romania,Monica Anghel & Marcel Pavel,Tell Me Why,71,9th,
452,22,2002,Tallinn,Slovenia,Sestre,Samo Ljubezen,33,13th,5Wuo6QOB41oIC4qVVteZ4O
453,23,2002,Tallinn,Latvia,Marie N,I Wanna,176,1st,
454,24,2002,Tallinn,Lithuania,Aivaras,Happy You,12,23rd,
455,1,2001,Copenhagen,The Netherlands,Michelle,Out On My Own,16,18th,
456,2,2001,Copenhagen,Iceland,TwoTricky,Angel,3,22nd,
457,3,2001,Copenhagen,Bosnia & Herzegovina,Nino,Hano,29,14th,
458,4,2001,Copenhagen,Norway,Haldor Lægreid,On My Own,3,22nd,
459,5,2001,Copenhagen,Israel,Tal Sondak,Ein Davar,25,16th,
460,6,2001,Copenhagen,Russia,Mumiy troll,Lady Alpine Blue,37,12th,
461,7,2001,Copenhagen,Sweden,Friends,Listen To Your Heartbeat,100,5th,4W7sgrHikz4hbndXFQJzBu
462,8,2001,Copenhagen,Lithuania,Skamp,You Got Style,35,13th,02AK9DE6ttEbcFxMOim4YZ
463,9,2001,Copenhagen,Latvia,Arnis Mednis,Too Much,16,18th,
464,10,2001,Copenhagen,Croatia,Vanna,Strings Of My Heart,42,10th,
465,11,2001,Copenhagen,Portugal,MTM,Só Sei Ser Feliz Assim,18,17th,
466,12,2001,Copenhagen,Ireland,Gary O'Shaughnessy,Without Your Love,6,21st,
467,13,2001,Copenhagen,Spain,David Civera,Dile Que La Quiero,76,6th,0so2Jlze25HJtPYZnEUMzr
468,14,2001,Copenhagen,France,Natasha Saint-Pier,Je N'ai Que Mon âme,142,4th,
469,15,2001,Copenhagen,Turkey,Sedat Yüce,Sevgiliye Son,41,11th,
470,16,2001,Copenhagen,United Kingdom,Lindsay D.,No Dream Impossible,28,15th,
471,17,2001,Copenhagen,Slovenia,Nua Derenda,Energy,70,7th,
472,18,2001,Copenhagen,Poland,Piasek,2 Long,11,20th,
473,19,2001,Copenhagen,Germany,Michelle,Wer Liebe Lebt,66,8th,0MAoOpiamwvXSEgcWkeII2
474,20,2001,Copenhagen,Estonia,"Tanel Padar, Dave Benton & 2XL",Everybody,198,1st,
475,21,2001,Copenhagen,Malta,Fabrizio Faniello,Another Summer Night,48,9th,2dJi1tkuF6TuAFheolHGTP
476,22,2001,Copenhagen,Greece,Antique,Die For You,147,3rd,
477,23,2001,Copenhagen,Denmark,Rollo & King,Never Ever Let You Go,177,2nd,
478,1,2000,Stockholm,Israel,Ping Pong,Sa'me'akh,7,22nd,
479,2,2000,Stockholm,The Netherlands,Linda Wagenmakers,No Goodbyes,40,13th,4OxAOffBcJqxGFn9R5KxYV
480,3,2000,Stockholm,United Kingdom,Nicki French,Don't Play That Song Again,28,16th,7fO3HXWov7lRzyjlr3CVLs
481,4,2000,Stockholm,Estonia,Ines,Once In A Lifetime,98,4th,
482,5,2000,Stockholm,France,Sofia Mestari,On Aura Le Ciel,5,23rd,
483,6,2000,Stockholm,Romania,Taxi,The Moon,25,17th,
484,7,2000,Stockholm,Malta,Claudette Pace,Desire,73,8th,
485,8,2000,Stockholm,Norway,Charmed,My Heart Goes Boom,57,11th,6GViWczPtH2ky3RBYycDhI
486,9,2000,Stockholm,Russia,Alsou,Solo,155,2nd,
487,10,2000,Stockholm,Belgium,Nathalie Sorce,Envie De Vivre,2,24th,
488,11,2000,Stockholm,Cyprus,Voice,Nomiza,8,21st,
489,12,2000,Stockholm,Iceland,Einer Augúst Víðisson en Telma Augústdóttir,Tell Me!,45,12th,
490,13,2000,Stockholm,Spain,Serafín Zubiri,Colgado De Un Sueño,18,18th,
491,14,2000,Stockholm,Denmark,Olsen brothers,Fly On The Wings Of Love,195,1st,5QbZ2liHjmV27XMmRoEquv
492,15,2000,Stockholm,Germany,Stefan Raab,Wadde Hadde Dudde Da,96,5th,
493,16,2000,Stockholm,Switzerland,Jane Bogaert,La Vita Cos'è?,14,20th,
494,17,2000,Stockholm,Croatia,Goran Karan,Kada Zaspu Andeli,70,9th,4MbBUowTU80WVekfxIhfIr
495,18,2000,Stockholm,Sweden,Roger Pontare,When Spirits Are Calling My Name,88,7th,27L4okgASeyUAzZ7etleyQ
496,19,2000,Stockholm,North Macedonia,XXL,100\% Te Ljubam,29,15th,
497,20,2000,Stockholm,Finland,Nina Åström,A Little Bit,18,18th,
498,21,2000,Stockholm,Latvia,BrainStorm,My Star,136,3rd,
499,22,2000,Stockholm,Turkey,Pinar Ayhan & S.O.S. band,Yorgunum Anla,59,10th,
500,23,2000,Stockholm,Ireland,Eamonn Toal,Millennium Of Love,92,6th,
501,24,2000,Stockholm,Austria,The rounder girls,All To You,34,14th,
502,1,1999,Jerusalem,Lithuania,Aiste Smilgeviciute,Strazdas,13,20th,
503,2,1999,Jerusalem,Belgium,Vanessa Chinitor,Like The Wind,38,12th,
504,3,1999,Jerusalem,Spain,Lydia,No Quiero Escuchar,1,23rd,
505,4,1999,Jerusalem,Croatia,Doris Dragovic,Marija Magdalena,118,4th,62rNgm24sIpaP74EgFNkhc
506,5,1999,Jerusalem,United Kingdom,Precious,Say It Again,38,12th,
507,6,1999,Jerusalem,Slovenia,Darja Svajger,For A Thousand Years,50,11th,
508,7,1999,Jerusalem,Turkey,Tuba Önal & Grup Mystik,Dön Artik,21,16th,
509,8,1999,Jerusalem,Norway,Stig André Van Eijk,Living My Life Without You,35,14th,
510,9,1999,Jerusalem,Denmark,Trine Jepsen & Michael Teschl,This Time (i Mean It),71,8th,
511,10,1999,Jerusalem,France,Nayah,Je Veux Donner Ma Voix,14,19th,0i5PkaywNXRGLXOAEQBOBb
512,11,1999,Jerusalem,The Netherlands,Marlayne,One Good Reason,71,8th,
513,12,1999,Jerusalem,Poland,Mietek (Mieczyslaw) Szczesniak,Przytul Mnie Mocno,17,18th,
514,13,1999,Jerusalem,Iceland,Selma Björnsdóttir,All Out Of Luck,146,2nd,58uGV2ng8QAeFznChuSJkv
515,14,1999,Jerusalem,Cyprus,Marlain Angelidou,Tha'nai Erotas,2,22nd,
516,15,1999,Jerusalem,Sweden,Charlotte Nilsson,Take Me To Your Heaven,163,1st,6yEkKWkh7cBsFPr7Cif3uL
517,16,1999,Jerusalem,Portugal,Rui Bandeira,Como Tudo Começou,12,21st,0SEALLclpZUSzX68R3bFnv
518,17,1999,Jerusalem,Ireland,The Mullan's,When You Need Me,18,17th,
519,18,1999,Jerusalem,Austria,Bobbie Singer,Reflection,65,10th,
520,19,1999,Jerusalem,Israel,Eden,Yom Huledeth,93,5th,
521,20,1999,Jerusalem,Malta,Times 3,Believe 'n Peace,32,15th,
522,21,1999,Jerusalem,Germany,Sürpriz,Reise Nach Jerusalem - Kudüs'e Seyahat,140,3rd,
523,22,1999,Jerusalem,Bosnia & Herzegovina,Dino and Beatrice,Putnici,86,7th,
524,23,1999,Jerusalem,Estonia,Evelin Samuel and Camille,Diamond Of Night,90,6th,
525,1,1998,Birmingham,Croatia,Danijela,Neka Mi Ne Svane,131,5th,
526,2,1998,Birmingham,Greece,Dionysia and Thalassa group,Mia Krifi Evaisthissia,12,20th,
527,3,1998,Birmingham,France,Marie-Line,Où Aller,3,24th,
528,4,1998,Birmingham,Spain,Mikel Herzog,¿Qué Voy A Hacer Sin Ti?,21,16th,
529,5,1998,Birmingham,Switzerland,Gunvor,Lass Ihn,—,25th,3hxqRp4OhlLVIFB2yi0rLq
530,6,1998,Birmingham,Slovakia,Katarína Hasprová,Modlitba,8,21st,
531,7,1998,Birmingham,Poland,Sixteen,To Takie Proste,19,17th,0IfbVBzv2whyl6uLCDudVQ
532,8,1998,Birmingham,Israel,Dana International,Diva,172,1st,
533,9,1998,Birmingham,Germany,Guildo Horn,Guildo Hat Euch Lieb,86,7th,
534,10,1998,Birmingham,Malta,Chiara,The One That I Love,165,3rd,3s1GSTcK3WAVbQhpVVziKN
535,11,1998,Birmingham,Hungary,Charlie,A Holnap Már Ném Lesz Szomorú,4,23rd,0lZzLwo9pldVtPWe9MkhWx
536,12,1998,Birmingham,Slovenia,Vili Resnik,Naj Bogovi Sliijo,17,18th,
537,13,1998,Birmingham,Ireland,Dawn,Is Always Over Now?,64,9th,
538,14,1998,Birmingham,Portugal,Alma Lusa,Se Eu Te Pudesse Abraçar,36,12th,
539,15,1998,Birmingham,Romania,Malina Olinescu,Eu Cred,6,22nd,
540,16,1998,Birmingham,United Kingdom,Imaani,Where Are You?,166,2nd,
541,17,1998,Birmingham,Cyprus,Michael Hajiyanni,Genesis,37,11th,
542,18,1998,Birmingham,The Netherlands,Edsilia Rombley,Hemel En Aarde,150,4th,16kFUvzMPTUEcE4rQjT2n5
543,19,1998,Birmingham,Sweden,Jill Johnson,Kärleken är,53,10th,
544,20,1998,Birmingham,Belgium,Mélanie Cohl,Dis Oui,122,6th,
545,21,1998,Birmingham,Finland,Edea,Aava,22,15th,
546,22,1998,Birmingham,Norway,Lars A. Fredriksen,Alltid Sommer,79,8th,
547,23,1998,Birmingham,Estonia,Koit Toome,Mere Lapsed,36,12th,
548,24,1998,Birmingham,Turkey,Tüzmen,Unutamazsin,25,14th,
549,25,1998,Birmingham,North Macedonia,Vlado Janevski,"Ne Zori, Zoro",16,19th,
550,1,1997,Dublin,Cyprus,Chara and Andreas Konstantinou,Mana Mou,98,5th,
551,2,1997,Dublin,Turkey,Sebnem Paker and Group Etnic,Dinle,121,3rd,
552,3,1997,Dublin,Norway,Tor Endresen,San Francisco,—,24th,
553,4,1997,Dublin,Austria,Bettina Soriat,One Step,12,21st,
554,5,1997,Dublin,Ireland,Marc Roberts,Mysterious Woman,157,2nd,
555,6,1997,Dublin,Slovenia,Tanja Ribic,Zbudi Se,60,10th,
556,7,1997,Dublin,Switzerland,Barbara Berta,Dentro Di Me,5,22nd,
557,8,1997,Dublin,The Netherlands,Mrs. Einstein,Niemand Heeft Nog Tijd,5,22nd,
558,9,1997,Dublin,Italy,Jalisse,Fiumi Di Parole,114,4th,5ZS9fcqcYtfL80rj1bf7Lb
559,10,1997,Dublin,Spain,Marcos Llunas,Sin Rencor,96,6th,79mY0wwCQoGgRSZfbYlU48
560,11,1997,Dublin,Germany,Bianca Shomburg,Zeit,22,18th,
561,12,1997,Dublin,Poland,Anna Maria Jopek,Ale Jestem,54,11th,7kkS427KA8VjQqmcFcl3de
562,13,1997,Dublin,Estonia,Maarja-Liis Ilus,Keelatud Maa,82,8th,
563,14,1997,Dublin,Bosnia & Herzegovina,Alma Cardzic,Goodbye,22,18th,
564,15,1997,Dublin,Portugal,Célia Lawson,Antes Do Adeus,—,24th,0OUbbVIdTbL5RZJGXKCrng
565,16,1997,Dublin,Sweden,Blond,Bara Hon älskar Mig,36,14th,5dEHUYf0NkT1pZeEJOCMsW
566,17,1997,Dublin,Greece,Marianna Zorba,Horepse,39,12th,
567,18,1997,Dublin,Malta,Debbie Scerri,Let Me Fly,66,9th,
568,19,1997,Dublin,Hungary,VIP,"Miert Kell, Hogy Elmenj?",39,12th,
569,20,1997,Dublin,Russia,Alla Pugachova,Primadonna,33,15th,
570,21,1997,Dublin,Denmark,Kølig Kaj,Stemmen I Mit Liv,25,16th,
571,22,1997,Dublin,France,Fanny,Sentiments Songes,95,7th,
572,23,1997,Dublin,Croatia,ENI,Probudi Me,24,17th,4xSWJ8u0LH0LeX8fMT3gEf
573,24,1997,Dublin,United Kingdom,Katrina and The Waves,Love Shine A Light,227,1st,0WdBh2BQOq9U7PMk6sWzMz
574,25,1997,Dublin,Iceland,Paul Oscar,Minn Hinsti Dans,18,20th,
575,1,1996,Oslo,Turkey,Şebnem Paker,Besinçi Mevsim,57,12th,1tDORuOmMRGYFVKRullDtQ
576,2,1996,Oslo,United Kingdom,Gina G,Ooh...Aah...Just A Little Bit,77,8th,7kyMLaXepcGHIrsLqoiTB8
577,3,1996,Oslo,Spain,Antonio Carbonell,"¡Ay, Qué Deseo!",17,20th,
578,4,1996,Oslo,Portugal,Lúcia Moniz,O Meu Coração Não Tem Cor,92,6th,
579,5,1996,Oslo,Cyprus,Constantinos,Móno Gia Más,72,9th,
580,6,1996,Oslo,Malta,Miriam Christine,In A Woman's Heart,68,10th,
581,7,1996,Oslo,Croatia,Maja Blagdan,Sveta Ljubav,98,4th,2Bs83CullrCy1JAnm0adJr
582,8,1996,Oslo,Austria,George Nußbaumer,Weil's Dr Guat Got,68,10th,0fnVGMnqpMs3brzV0ilLIm
583,9,1996,Oslo,Switzerland,Cathy Leander,Mon Coeur L'aime,22,16th,
584,10,1996,Oslo,Greece,Marianna Efstratiou,Emis Forame To Himona Anixiatika,36,14th,
585,11,1996,Oslo,Estonia,Ivo Linna and Maarja-Liis Ilus,Kaelakee Hääl,94,5th,
586,12,1996,Oslo,Norway,Elisabeth Andreasson,I Evighet,114,2nd,
587,13,1996,Oslo,France,Dan Ar Braz et l'Héritage des Celtes,Diwanit Bugale,18,19th,
588,14,1996,Oslo,Slovenia,Regina,Dan najlepših sanj,16,21st,4NrbpestG8aXXePSuvrsMB
589,15,1996,Oslo,The Netherlands,Maxine and Franklin Brown,De Eerste Keer,78,7th,16tt5gsCest1TGUDsbjxed
590,16,1996,Oslo,Belgium,Lisa del Bo,Liefde Is Een Kaartspel,22,16th,69E3WU5InePQ4ZcRp5x7N1
591,17,1996,Oslo,Ireland,Eimear Quinn,The Voice,162,1st,
592,18,1996,Oslo,Finland,Jasmine,Niin Kaunis On Taivas,9,23rd,
593,19,1996,Oslo,Iceland,Anna Mjöll,Sjúbídú,51,13th,
594,20,1996,Oslo,Poland,Kasia Kowalska,Chce Znac Swój Grzech,31,15th,
595,21,1996,Oslo,Bosnia & Herzegovina,Amila Glamocak,Za Nau Ljubav,13,22nd,
596,22,1996,Oslo,Slovakia,Marcel Palonder,Kým Nás Má,19,18th,
597,23,1996,Oslo,Sweden,One More Time,Den Vilda,100,3rd,0TYwFP4MxszHAXAJMYhi3E
598,1,1995,Dublin,Poland,Justyna,Sama,15,18th,
599,2,1995,Dublin,Ireland,Eddie Friel,Dreamin',44,14th,
600,3,1995,Dublin,Germany,Stone and Stone,Verliebt In Dich,1,23rd,
601,4,1995,Dublin,Bosnia & Herzegovina,Davor Popovic,Dvadeset I Prvi Vijek,14,19th,
602,5,1995,Dublin,Norway,Secret Garden,Nocturne,148,1st,
603,6,1995,Dublin,Russia,Philipp Kirkorov,Kolybelnaya Dlya Vulkana,17,17th,
604,7,1995,Dublin,Iceland,Bó Halldórsson,Núna,31,15th,
605,8,1995,Dublin,Austria,Stella Jones,Die Welt Dreht Sich Verkehrt,67,13th,
606,9,1995,Dublin,Spain,Anabel Conde,Vuelve Conmigo,119,2nd,
607,10,1995,Dublin,Turkey,Arzu Ece,Sev!,21,16th,
608,11,1995,Dublin,Croatia,Magazin and Lidija,Nostalgija,91,6th,
609,12,1995,Dublin,France,Nathalie Santamaria,Il Me Donne Rendez-vous,94,4th,
610,13,1995,Dublin,Hungary,Czaba Szigeti,Ùj Nèv Egy Règi Hàz Fàlan,3,22nd,
611,14,1995,Dublin,Belgium,Frédéric Etherlinck,La Voix Est Libre,8,20th,
612,15,1995,Dublin,United Kingdom,Love City Groove,Love City Groove,76,10th,
613,16,1995,Dublin,Portugal,Tó Cruz,Baunilha E Chocolate,5,21st,
614,17,1995,Dublin,Cyprus,Alexandros Panayi,Sti Fotia,79,9th,
615,18,1995,Dublin,Sweden,Jan Johansen,Se På Mej,100,3rd,
616,19,1995,Dublin,Denmark,Aud Wilken,Fra Mols Til Skagen,92,5th,
617,20,1995,Dublin,Slovenia,Darja Svajger,Prisluhni Mi,84,7th,7qJfD2FsOFWoiY9iv29h8I
618,21,1995,Dublin,Israel,Liora,Amen,81,8th,
619,22,1995,Dublin,Malta,Mike Spiteri,Keep Me In Mind,76,10th,
620,23,1995,Dublin,Greece,Elina Constantopoulou,Pia Prossefchi,68,12th,
621,1,1994,Dublin,Sweden,Marie Bergman and Roger Pontare,Stjärnorna,48,13th,
622,2,1994,Dublin,Finland,CatCat,Bye Bye Baby,11,22nd,
623,3,1994,Dublin,Ireland,Paul Harrington and Charlie McGettigan,Rock 'n' Roll Kids,226,1st,
624,4,1994,Dublin,Cyprus,Evridiki,Ime Anthropos Ke Ego,51,11th,
625,5,1994,Dublin,Iceland,Sigga,Nætur,49,12th,
626,6,1994,Dublin,United Kingdom,Frances Ruffelle,We Will Be Free (lonely Symphony),63,10th,
627,7,1994,Dublin,Croatia,Tony Cetinski,Nek'ti Bude Ljubav Sva,27,16th,6LvCiKxGNE1eR7t4w7tIkB
628,8,1994,Dublin,Portugal,Sara Tavares,Chamar A Música,73,8th,
629,9,1994,Dublin,Switzerland,Duilio,Sto Pregando,15,19th,3mKwTK3Oz1vegk0Mi2vrdT
630,10,1994,Dublin,Estonia,Silvi Vrait,Nagu Merelaine,2,24th,
631,11,1994,Dublin,Romania,Dan Bittman,Dincolo De Nori,14,21st,
632,12,1994,Dublin,Malta,Moira Stafrace and Christopher Scicluna,More Than Love,97,5th,
633,13,1994,Dublin,The Netherlands,Willeke Alberti,Waar Is De Zon,4,23rd,7cO0NMxfCQH4zJqU7GJOKg
634,14,1994,Dublin,Germany,MeKaDo,Wir Geben 'ne Party,128,3rd,
635,15,1994,Dublin,Slovakia,Martin Durinda and Tublatanka,Nekovecná Piesen,15,19th,
636,16,1994,Dublin,Lithuania,Ovidijus Vyšniauskas,Lopšinė Mylimai,—,25th,
637,17,1994,Dublin,Norway,Elisabeth Andreasson and Jan Werner Danielsen,Duett,76,6th,
638,18,1994,Dublin,Bosnia & Herzegovina,Alma and Dejan,Ostani Kraj Mene,39,15th,
639,19,1994,Dublin,Greece,Costas Bigalis and the Sea Lovers,To Trehantiri (diri Diri),44,14th,
640,20,1994,Dublin,Austria,Petra Frey,Für Den Frieden Der Welt,19,17th,5l4vgqNUApoAzoUpFmKcAU
641,21,1994,Dublin,Spain,Alejandro Abad,Ella No Es Ella,17,18th,
642,22,1994,Dublin,Hungary,Friderika Bayer,Kinek Mondjam El Vétkeimet,122,4th,
643,23,1994,Dublin,Russia,Youddiph,Vechni Stranik,70,9th,
644,24,1994,Dublin,Poland,Edyta Górniak,To Nie Ja!,166,2nd,5zuDr7y3zJXbWrGoxzXPGR
645,25,1994,Dublin,France,Nina Morato,Je Suis Un Vrai Garçon,74,7th,
646,1,1993,Millstreet,Italy,Enrico Ruggeri,Sole D'europa,45,12th,
647,2,1993,Millstreet,Turkey,"Burak Aydos, Öztürk Baybora & Serter",Esmer Yarim,10,21st,
648,3,1993,Millstreet,Germany,Münchener Freiheit,Viel Zu Weit,18,18th,4KR49pzlifyec8b0HzIybv
649,4,1993,Millstreet,Switzerland,Annie Cotton,"Moi, Tout Simplement",148,3rd,
650,5,1993,Millstreet,Denmark,Tommy Seebach Band,Under Stjernerne På Himlen,9,22nd,0ZcKEZQMJECZZZkqLYl3CR
651,6,1993,Millstreet,Greece,Kaiti Garbi,"Ellada, Hora Tou Fotos",64,9th,
652,7,1993,Millstreet,Belgium,Barbara,Iemand Als Jij,3,25th,
653,8,1993,Millstreet,Malta,William Mangion,This Time,69,8th,
654,9,1993,Millstreet,Iceland,Inga,þá Veistu Svarið,42,13th,5Ca1nvUuOrpW0XB3KBszAa
655,10,1993,Millstreet,Austria,Tony Wegas,Maria Magdalena,32,14th,
656,11,1993,Millstreet,Portugal,Anabela,A Cidade Até Ser Dia,60,10th,
657,12,1993,Millstreet,France,Patrick Fiori,Mama Corsica,121,4th,
658,13,1993,Millstreet,Sweden,Arvingarna,Eloïse,89,7th,5Ws6u3a6SibPmJazXdEAHB
659,14,1993,Millstreet,Ireland,Niamh Kavanagh,In Your Eyes,187,1st,
660,15,1993,Millstreet,Luxembourg,Modern Times,Donne-moi Une Chance,11,20th,
661,16,1993,Millstreet,Slovenia,1X Band,Tih Dezeven Dan,9,22nd,
662,17,1993,Millstreet,Finland,Katri-Helena,Tule Luo,20,17th,
663,18,1993,Millstreet,Bosnia & Herzegovina,Fazla,Sva Bol Svijeta,27,16th,
664,19,1993,Millstreet,United Kingdom,Sonia,Better The Devil You Know,164,2nd,
665,20,1993,Millstreet,The Netherlands,Ruth Jacott,Vrede,92,6th,
666,21,1993,Millstreet,Croatia,Put,Don't Ever Cry,31,15th,
667,22,1993,Millstreet,Spain,Eva Santamaria,Hombres,58,11th,
668,23,1993,Millstreet,Cyprus,Kyriakos Zymboulakis and Demos Van Beke,Mi Stamatas,17,19th,
669,24,1993,Millstreet,Israel,Lakahat Shiru,Shiru,4,24th,
670,25,1993,Millstreet,Norway,Silje Vige,Alle Mine Tankar,120,5th,2vjWIL15xP9nkUOPlyoFbn
671,1,1992,Malmo,Spain,Serafin,Todo Esto Es La Música,37,14th,
672,2,1992,Malmo,Belgium,Morgane,Nous On Veut Des Violons,11,20th,
673,3,1992,Malmo,Israel,Dafna,Ze Rak Sport,85,6th,
674,4,1992,Malmo,Turkey,Aylin Vatankos,Yaz Bitti,17,19th,
675,5,1992,Malmo,Greece,Cleopatra,Olou Tou Kosmou I Elpida,94,5th,
676,6,1992,Malmo,France,Kali,Monté La Riviè,73,8th,7yUmWJiOOkt58GKDaAZh6T
677,7,1992,Malmo,Sweden,Christer Björkman,I Morgon är En Annan Dag,9,22nd,7DqyeESnaKCwDjgmA45UFZ
678,8,1992,Malmo,Portugal,Diná,Amor D'água Fresca,26,17th,1O9DxA393mO7BhzcdycDHu
679,9,1992,Malmo,Cyprus,Evridiki,Teriazoume,57,11th,5iPtQNm3mPTAwlN7kfc08x
680,10,1992,Malmo,Malta,Mary Spiteri,Little Child,123,3rd,
681,11,1992,Malmo,Iceland,Heart 2 Heart,Nei Eða Já,80,7th,18Zjs7xoNOTVePmyCuLvwJ
682,12,1992,Malmo,Finland,Pave,Yamma Yamma,4,23rd,
683,13,1992,Malmo,Switzerland,Daisy Auvray,Mister Music Man,32,15th,
684,14,1992,Malmo,Luxembourg,Marion Welter and Kontinent,Sou Fräi,10,21st,
685,15,1992,Malmo,Austria,Tony Wegas,Zusammen Geh'n,63,10th,
686,16,1992,Malmo,United Kingdom,Michael Ball,One Step Out Of Time,139,2nd,4FoEAvxkTIvfaoiskyqFfO
687,17,1992,Malmo,Ireland,Linda Martin,Why Me,155,1st,
688,18,1992,Malmo,Denmark,Lotte Nilsson and Kenny Lübcke,Ålt Det Som Ingen Ser,47,12th,
689,19,1992,Malmo,Italy,Mia Martini,Rapsodia,111,4th,
690,20,1992,Malmo,Yugoslavia,Extra Nena,Ljubim Te Pesmama,44,13th,
691,21,1992,Malmo,Norway,Merethe Trøan,Visjoner,23,18th,
692,22,1992,Malmo,Germany,Wind,Träume Sind Für Alle Da,27,16th,6GOeCowfmp1PK72RoRmaWL
693,23,1992,Malmo,The Netherlands,Humphrey Campbell,Wijs Me De Weg,67,9th,2hVNKv5797OsBC4PxnwZdz
694,1,1991,Rome,Yugoslavia,Baby Doll,Brazil,1,21st,
695,2,1991,Rome,Iceland,Stefán and Eyfi,Nina,26,15th,
696,3,1991,Rome,Malta,Paul Giordimaina and Georgina,Could It Be,106,6th,
697,4,1991,Rome,Greece,Sofia Vossou,I Anixi,36,13th,
698,5,1991,Rome,Switzerland,Sandra Simò,Canzone Per Te,118,5th,
699,6,1991,Rome,Austria,Thomas Forstner,Venedig Im Regen,—,22nd,
700,7,1991,Rome,Luxembourg,Sarah Bray,Un Baiser Volé,29,14th,
701,8,1991,Rome,Sweden,Carola,Fångad Av En Stormvind,146,1st,1ynNSYxc0RkdSLsKGcuODE
702,9,1991,Rome,France,Amina,C'est Le Dernier Qui A Parlé Qui A Raison,146,2nd,
703,10,1991,Rome,Turkey,"Izel Çeliköz, Rayhan Soykarçi and Can Ugurluér",Iki Dakika,44,12th,
704,11,1991,Rome,Ireland,Kim Jackson,Could It Be That I'm In Love,47,10th,
705,12,1991,Rome,Portugal,Dulce,Lusitana Paixão,62,8th,
706,13,1991,Rome,Denmark,Anders Frandsen,Lige Der Hvor Hjertet Slår,8,19th,03fKnIb01IC1rrU0PnPbDL
707,14,1991,Rome,Norway,Just 4 Fun,Mrs. Thompson,14,17th,
708,15,1991,Rome,Israel,Duo Datz,Kan,139,3rd,
709,16,1991,Rome,Finland,Kaija,Hullu Yö,6,20th,
710,17,1991,Rome,Germany,Atlantis 2000,Dieser Traum Darf Niemals Sterben,10,18th,
711,18,1991,Rome,Belgium,Clouseau,Geef Het Op,23,16th,5fg5IGz0xl2WhsLTvkbJ1h
712,19,1991,Rome,Spain,Sergio Dalma,Bailar Pegados,119,4th,4GT9T7iVVwrc84GEiArtDi
713,20,1991,Rome,United Kingdom,Samantha Janus,A Message To Your Heart,47,10th,
714,21,1991,Rome,Cyprus,Elena Patroclou,S.o.s.,60,9th,
715,22,1991,Rome,Italy,Peppino di Capri,Comme E' Ddoce 'o Mare,89,7th,
716,1,1990,Zagreb,Spain,Azúcar Moreno,Bandido,96,5th,2rHhKu1hW8uqyr7LSrRn8E
717,2,1990,Zagreb,Greece,Christos Callow and Wave,Horis Skopo,11,19th,
718,3,1990,Zagreb,Belgium,Philippe Lafontaine,Macédomienne,46,12th,2B7ZnHMgayT9EEV5qN2YqV
719,4,1990,Zagreb,Turkey,Kayahan,Gözlerinin Hapsindeyim,21,17th,7B35SoCqYSOKiea23ZJ3QK
720,5,1990,Zagreb,The Netherlands,Maywood,Ik Wil Alles Met Je Delen,25,15th,3tT3SWijd6qYXbrcpFZLp7
721,6,1990,Zagreb,Luxembourg,Céline Carzo,Quand Je Te Rêve,38,13th,
722,7,1990,Zagreb,United Kingdom,Emma,Give A Little Love Back To The World,87,6th,
723,8,1990,Zagreb,Iceland,Stjórnin,Eitt Lag Enn,124,4th,60RuosVixhawXh4M3fDq5y
724,9,1990,Zagreb,Norway,Ketil Stokkan,Brandenburger Tor,8,21st,0HQOUiYrcwv9B1RVd7bZBJ
725,10,1990,Zagreb,Israel,Rita,Shara Barechovot,16,18th,
726,11,1990,Zagreb,Denmark,Lonnie Devantier,Hallo Hallo,64,8th,
727,12,1990,Zagreb,Switzerland,Egon Egemann,Musik Klingt In Die Welt Hinaus,51,11th,
728,13,1990,Zagreb,Germany,Chris Kempers and Daniel Kovac,Frei Zu Leben,60,9th,
729,14,1990,Zagreb,France,Joelle Ursull,White And Black Blues,132,2nd,3HhfRcXBX92mnDzXwKt7Bg
730,15,1990,Zagreb,Yugoslavia,Tajci,Hajde Da Ludujemo,81,7th,2jEBdBbgODqNlhpv4DlXlv
731,16,1990,Zagreb,Portugal,Nucha,Há Sempre Alguém,9,20th,
732,17,1990,Zagreb,Ireland,Liam Reilly,Somewhere In Europe,132,2nd,0Gh3TzuQuHEtZEamtv96LA
733,18,1990,Zagreb,Sweden,Edin-Ådahl,Som En Vind,24,16th,
734,19,1990,Zagreb,Italy,Toto Cutugno,Insieme: 1992,149,1st,44noNMO0iv87Tds7dwcpQU
735,20,1990,Zagreb,Austria,Simone,Keine Mauern Mehr,58,10th,
736,21,1990,Zagreb,Cyprus,Haris Anastasiou,Milas Poli,36,14th,
737,22,1990,Zagreb,Finland,Beat,Fri?,8,21st,
738,1,1989,Lausanne,Italy,Anna Oxa and Fausto Leali,Avrei Voluto,56,9th,
739,2,1989,Lausanne,Israel,Gili ve Galit,Derech Ha'melech,50,12th,
740,3,1989,Lausanne,Ireland,Kiev Connolly and the Missing Passengers,The Real Me,21,18th,
741,4,1989,Lausanne,The Netherlands,Justine Pelmelay,Blijf Zoals Je Bent,45,15th,
742,5,1989,Lausanne,Turkey,Pan,Bana Bana,5,21st,
743,6,1989,Lausanne,Belgium,Ingeborg,Door De Wind,13,19th,5eAOvEd5GqKdRTgNYsAAmW
744,7,1989,Lausanne,United Kingdom,Live Report,Why Do I Always Get It Wrong,130,2nd,
745,8,1989,Lausanne,Norway,Britt Synnøve Johansen,Venners Nærhet,30,17th,
746,9,1989,Lausanne,Portugal,Da Vinci,Conquistador,39,16th,
747,10,1989,Lausanne,Sweden,Tommy Nilsson,En Dag,110,4th,5Cmwme624iKaqaSKTLcBWP
748,11,1989,Lausanne,Luxembourg,Park Café,Monsieur,8,20th,
749,12,1989,Lausanne,Denmark,Birthe Kjær,Vi Maler Byen Rød,111,3rd,5R7qlPnCh9qVEtNaHIyPvh
750,13,1989,Lausanne,Austria,Thomas Forstner,Nur Ein Lied,97,5th,
751,14,1989,Lausanne,Finland,Anneli Saaristo,La Dolce Vita,76,7th,
752,15,1989,Lausanne,France,Nathalie Pâque,J'ai Volé La Vie,60,8th,
753,16,1989,Lausanne,Spain,Nina,Nacida Para Amar,88,6th,4HwxlORY1QAe12WtiglWt6
754,17,1989,Lausanne,Cyprus,Fanny Polymeri and Yiannis Savvidakis,Apopse As Vrethoume,51,11th,
755,18,1989,Lausanne,Switzerland,Furbaz,Viver Senza Tei,47,13th,6y1hjHbuaVrbTIjm3Chb8T
756,19,1989,Lausanne,Greece,Marianna,To Diko Sou Asteri,56,9th,
757,20,1989,Lausanne,Iceland,Daníel Augúst Haraldsson,Það Sem Enginn Sér,—,22nd,
758,21,1989,Lausanne,Germany,Nino de Angelo,Flieger,46,14th,6tCCYPNXR8e3CeD1fsg5Lu
759,22,1989,Lausanne,Yugoslavia,Riva,Rock Me,137,1st,
760,1,1988,Dublin,Iceland,Beathoven,Sókrates,20,16th,
761,2,1988,Dublin,Sweden,Tommy Körberg,Stad I Ljus,52,12th,7bVwUOySQGO2afJ0LArAMi
762,3,1988,Dublin,Finland,Boulevard,Nauravat Silmät Muistetaan,3,20th,
763,4,1988,Dublin,United Kingdom,Scott Fitzgerald,Go,136,2nd,
764,5,1988,Dublin,Turkey,MFÖ,Sufi (hey Ya Hey),37,15th,
765,6,1988,Dublin,Spain,La Década,La Chica Que Yo Quiero (made In Spain),58,11th,
766,7,1988,Dublin,The Netherlands,Gerard Joling,Shangri-la,70,9th,
767,8,1988,Dublin,Israel,Yardena Arazi,Ben Adam,85,7th,
768,9,1988,Dublin,Switzerland,Céline Dion,Ne Partez Pas Sans Moi,137,1st,0Kv4i96E41jbULmUajBYOe
769,10,1988,Dublin,Ireland,Jump the Gun,Take Him Home,79,8th,
770,11,1988,Dublin,Germany,Maxi and Chris Garden,Lied Für Einen Freund,48,14th,
771,12,1988,Dublin,Austria,Wilfried,Lisa Mona Lisa,—,21st,
772,13,1988,Dublin,Denmark,Hot Eyes,Ka' Du Se Hva' Jeg Sa',92,3rd,
773,14,1988,Dublin,Greece,Aphroditi Fryda,Kloun,10,17th,
774,15,1988,Dublin,Norway,Karoline Krüger,For Vår Jord,88,5th,6GyfAKisndo4YbOZ9K2NmB
775,16,1988,Dublin,Belgium,Reynaert,Laissez Briller Le Soleil,5,18th,
776,17,1988,Dublin,Luxembourg,Lara Fabian,Croire,90,4th,
777,18,1988,Dublin,Italy,Luca Barbarossa,Ti Scrivo,52,12th,
778,19,1988,Dublin,France,Gérard Lenorman,Chanteur De Charme,64,10th,6tO8muTRnYClI8hhcTzn8u
779,20,1988,Dublin,Portugal,Dora,Voltarei,5,18th,
780,21,1988,Dublin,Yugoslavia,Srebrna Krila,Mangup,87,6th,
781,1,1987,Brussels,Norway,Kate Gulbrandsen,Mitt Liv,65,9th,3k5OROWCO1y95A0kbzB1U3
782,2,1987,Brussels,Israel,Datner and Kushnir,Shir Habatlanim,73,8th,
783,3,1987,Brussels,Austria,Gary Lux,Nur Noch Gefühl,8,20th,
784,4,1987,Brussels,Iceland,Halla Margarét,Hægt Og Hljótt,28,16th,
785,5,1987,Brussels,Belgium,Liliane Saint-Pierre,Soldiers Of Love,56,11th,6s6kTSOh76tC2litBaxcCx
786,6,1987,Brussels,Sweden,Lotta Engberg,Boogaloo,50,12th,
787,7,1987,Brussels,Italy,Umberto Tozzi and Raf,Gente Di Mare,103,3rd,
788,8,1987,Brussels,Portugal,Nevada,Neste Barco à Vela,15,18th,
789,9,1987,Brussels,Spain,Patricia Kraus,No Estás Solo,10,19th,
790,10,1987,Brussels,Turkey,Seyyal Tanner and Lokomotif,Sarkim Sevgi üstüne,—,22nd,
791,11,1987,Brussels,Greece,Bang,Stop!,64,10th,
792,12,1987,Brussels,The Netherlands,Marcha,Rechtop In De Wind,83,5th,4rFhc427aocb0JIGGHeAO2
793,13,1987,Brussels,Luxembourg,Plastic Bertrand,Amour Amour,4,21st,
794,14,1987,Brussels,United Kingdom,Rikki,Only The Light,47,13th,
795,15,1987,Brussels,France,Christine Minier,Les Mots D'amour N'ont Pas De Dimanche,44,14th,
796,16,1987,Brussels,Germany,Wind,Laß Die Sonne In Dein Herz,141,2nd,7sMd8AmgwoHgw674d2oQgB
797,17,1987,Brussels,Cyprus,Alexia,Aspro Mavro,80,7th,4bbB2U69LgoO2DeagGB3Ge
798,18,1987,Brussels,Finland,Vicky Rosti,Sata Salamaa,32,15th,
799,19,1987,Brussels,Denmark,Anne-Catherine Herdorf and Bandjo,En Lille Melodi,83,5th,
800,20,1987,Brussels,Ireland,Johnny Logan,Hold Me Now,172,1st,482pOo6IOI0qNNHxkQFEDn
801,21,1987,Brussels,Yugoslavia,Novi Fosili,Ja Sam Za Ples,92,4th,5DgmemtjCB3OHNDlJENgtu
802,22,1987,Brussels,Switzerland,Carole Rich,Moitié Moitié,26,17th,
803,1,1986,Bergen,Luxembourg,Sherisse Laurence,L'amour De Ma Vie,117,3rd,
804,2,1986,Bergen,Yugoslavia,Doris Dragovic,Zeljo Moja,49,11th,0ejYGCY0wvDi8je2S4z7Em
805,3,1986,Bergen,France,Cocktail Chic,Européennes,13,17th,
806,4,1986,Bergen,Norway,Ketil Stokkan,Romeo,44,12th,
807,5,1986,Bergen,United Kingdom,Ryder,Runner In The Night,72,7th,
808,6,1986,Bergen,Iceland,Icy,Gleðibankinn,19,16th,1xw7xAG14MHKXnRoAduLn3
809,7,1986,Bergen,The Netherlands,Frizzle Sizzle,Alles Heeft Ritme,40,13th,3RJ6NDZxwX8fFUMrEdlpW4
810,8,1986,Bergen,Turkey,Klips ve Onlar,Halley,53,9th,
811,9,1986,Bergen,Spain,Cadillac,Valentino,51,10th,
812,10,1986,Bergen,Switzerland,Daniela Simons,Pas Pour Moi,140,2nd,
813,11,1986,Bergen,Israel,Moti Galadi and Sarai Tzuriel,Yavoh Yom,7,19th,
814,12,1986,Bergen,Ireland,Luv Bug,You Can Count On Me,96,4th,
815,13,1986,Bergen,Belgium,Sandra Kim,J'aime La Vie,176,1st,5opXus6JIe9UD94Qk24RYB
816,14,1986,Bergen,Germany,Ingrid Peters,Über Die Brücke Geh'n,62,8th,4quJ42jnWEbwC9vEtZoLir
817,15,1986,Bergen,Cyprus,Elpida,Tora Zo,4,20th,
818,16,1986,Bergen,Austria,Timna Brauer,Die Zeit Ist Einsam,12,18th,
819,17,1986,Bergen,Sweden,Lasse Holm and Monica Törnell,E' De' Det Här Du Kallar Kärlek,78,5th,
820,18,1986,Bergen,Denmark,Lise Haavik and Trax,Du Er Fuld Af Løgn,77,6th,
821,19,1986,Bergen,Finland,Kari Kuivalainen,Päivä Kahden Ihmisen,22,15th,19uTgpvkvKLMaLsjeC9EFr
822,20,1986,Bergen,Portugal,Dora,Não Sejas Mau Para Mim,28,14th,
823,1,1985,Gothenburg,Ireland,Maria Christian,Wait Until The Weekend Comes,91,6th,3W7fbcyAPR7RG6keSrBGGl
824,2,1985,Gothenburg,Finland,Sonja Lumme,Eläköön Elämä,58,9th,23rmSHMjt1L9JpnCoLOBj7
825,3,1985,Gothenburg,Cyprus,Lia Vishy,To Katalava Arga,15,16th,
826,4,1985,Gothenburg,Denmark,Hot Eyes,Sku' Du Spør Fra No'n,41,11th,
827,5,1985,Gothenburg,Spain,Paloma San Basilio,La Fiesta Terminó,36,14th,5e4RkP8WDAiZHH0jeVBO3B
828,6,1985,Gothenburg,France,Roger Bens,Femme Dans Ses Rêves Aussi,56,10th,1wlczVgzFWQ1fVcnTOs5ub
829,7,1985,Gothenburg,Turkey,MFÖ,Di Dai Di Dai Dai (a'sik Oldum),36,14th,
830,8,1985,Gothenburg,Belgium,Linda Lepomme,Laat Me Nu Gaan,7,19th,6UkYDk7TbcBfO4uorMksKd
831,9,1985,Gothenburg,Portugal,Adelaïde,"Penso Em Ti, Eu Sei",9,18th,4t8WHQwvHSOXSYnqY9LCo7
832,10,1985,Gothenburg,Germany,Wind,Für Alle,105,2nd,
833,11,1985,Gothenburg,Israel,Izhar Cohen,Olé Olé,93,5th,
834,12,1985,Gothenburg,Italy,Al Bano and Romina Power,"Magic, Oh Magic",78,7th,1ZsBfH9s7SlmJ5XvX33Lb5
835,13,1985,Gothenburg,Norway,Bobbysocks,La Det Swinge,123,1st,1D5JiCspnkQx8L57R3qpAb
836,14,1985,Gothenburg,United Kingdom,Vikki,Love Is...,100,4th,
837,15,1985,Gothenburg,Switzerland,Mariella Farré and Pino Gasparini,Piano Piano,39,12th,
838,16,1985,Gothenburg,Sweden,Kikki Danielsson,Bra Vibrationer,103,3rd,0NOLQCkOO2wgEaUR5y1ahK
839,17,1985,Gothenburg,Austria,Gary Lux,Kinder Dieser Welt,60,8th,4MeBZoCY7TBtMUj3TXOnwx
840,18,1985,Gothenburg,Luxembourg,"Margo, Franck Olivier, Diane Solomon, Ireen Sheer, Malcolm Roberts and Chris Roberts","Children, Kinder, Enfants",37,13th,
841,19,1985,Gothenburg,Greece,Takis Biniaris,Miazoume,15,16th,
842,1,1984,Luxembourg,Sweden,Herrey's,Diggi-loo Diggy-ley,145,1st,
843,2,1984,Luxembourg,Luxembourg,Sophie Carle,100% D'amour,39,10th,
844,3,1984,Luxembourg,France,Annick Thoumazeau,Autant D'amoureux Que D'étoiles,61,8th,
845,4,1984,Luxembourg,Spain,Bravo,"Lady, Lady",106,3rd,3K0rUw4z0khdNg4MiSIHB4
846,5,1984,Luxembourg,Norway,Dollie de Luxe,Lenge Leve Livet,29,17th,30c8ivbhrT72iIl12Qj5wa
847,6,1984,Luxembourg,United Kingdom,Belle and the Devotions,Love Games,63,7th,
848,7,1984,Luxembourg,Cyprus,Andy Paul,Anna Mari-elena,31,15th,
849,8,1984,Luxembourg,Belgium,Jacques Zegers,Avanti La Vie,70,5th,2s0NUFo02OS4aOMBmjczQg
850,9,1984,Luxembourg,Ireland,Linda Martin,Terminal '3',137,2nd,
851,10,1984,Luxembourg,Denmark,Hot Eyes,Det' Lige Det,101,4th,
852,11,1984,Luxembourg,The Netherlands,Maribelle,Ik Hou Van Jou,34,13th,5DeSdxlppND4LAS2OPK9sv
853,12,1984,Luxembourg,Yugoslavia,Vlado and Isolda,Ciao Amore,26,18th,
854,13,1984,Luxembourg,Austria,Anita,Einfach Weg,5,19th,
855,14,1984,Luxembourg,Germany,Mary Roos,Aufrecht Geh'n,34,13th,3StkH3LklHrkvDFEbn5k9g
856,15,1984,Luxembourg,Turkey,"Bes Yil Önce, On Yil Sonra",Halay,37,12th,
857,16,1984,Luxembourg,Finland,Kirka,Hengaillaan,46,9th,1yd8Y1K3dtaeq4T6y87Lun
858,17,1984,Luxembourg,Switzerland,Rainy Day,Welche Farbe Hat Der Sonnenschein,30,16th,
859,18,1984,Luxembourg,Italy,Alice and Battiato,I Treni Di Tozeur,70,5th,
860,19,1984,Luxembourg,Portugal,Maria Guinot,Silêncio E Tanta Gente,38,11th,
861,1,1983,Munich,France,Guy Bonnet,Vivre,56,8th,
862,2,1983,Munich,Norway,Jahn Teigen,Do Re Mi,53,9th,
863,3,1983,Munich,United Kingdom,Sweet Dreams,I'm Never Giving Up,79,6th,
864,4,1983,Munich,Sweden,Carola Häggkvist,Främling,126,3rd,
865,5,1983,Munich,Italy,Riccardo Fogli,Per Lucia,41,11th,4ugTEPt6yJA38DKqlVTkcU
866,6,1983,Munich,Turkey,Çetin Alp and the Short Wave,Opera,—,19th,
867,7,1983,Munich,Spain,Remedios Amaya,¿quién Maneja Mi Barca?,—,19th,0TWaqxvioVlbLIa1mGIN1z
868,8,1983,Munich,Switzerland,Mariella Farré,Io Così Non Ci Sto,28,15th,
869,9,1983,Munich,Finland,Ami Aspelund,Fantasiaa,41,11th,
870,10,1983,Munich,Greece,Christie Stassinopoulou,Mou Les,32,14th,
871,11,1983,Munich,The Netherlands,Bernadette,Sing Me A Song,66,7th,
872,12,1983,Munich,Yugoslavia,Danijel,Dzuli,125,4th,
873,13,1983,Munich,Cyprus,Stavros and Constantina,I Agapi Akoma Zi,26,16th,
874,14,1983,Munich,Germany,Hoffmann und Hoffmann,Rücksicht,94,5th,
875,15,1983,Munich,Denmark,Gry Johansen,Kloden Drejer,16,17th,
876,16,1983,Munich,Israel,Ofra Haza,Hi,136,2nd,
877,17,1983,Munich,Portugal,Armando Gama,Esta Balada Que Te Dou,33,13th,717ng7bkRhm36YIE8FLZdY
878,18,1983,Munich,Austria,Westend,Hurricane,53,9th,
879,19,1983,Munich,Belgium,Pas de Deux,Rendez-vous,13,18th,
880,20,1983,Munich,Luxembourg,Corinne Hermès,Si La Vie Est Cadeau,142,1st,0vBkS0Cv9TAqgkaUIrnuXx
881,1,1982,Harrogate,Portugal,Doce,Bem-bom,32,13th,2FWghMgjItyOsuip0JKmvN
882,2,1982,Harrogate,Luxembourg,Svetlana,Cour Apres Le Temps,78,6th,7rAPFZ0pSBAurIHK21yAf6
883,3,1982,Harrogate,Norway,Jahn Teigen and Anita Skorgan,Adieu,40,12th,
884,4,1982,Harrogate,United Kingdom,Bardo,One Step Further,76,7th,23MbJwSXJRfM8rwQ6RUdD5
885,5,1982,Harrogate,Turkey,Neço,Hani,20,15th,
886,6,1982,Harrogate,Finland,Kojo,Nuku Pommiin,—,18th,
887,7,1982,Harrogate,Switzerland,Arlette Zola,Amour On T'aime,97,3rd,
888,8,1982,Harrogate,Cyprus,Anna Vishy,Mono I Agapi,85,5th,
889,9,1982,Harrogate,Sweden,Chips,Dag Efter Dag,67,8th,6lG65UH64cyVQhsmiV8Ht3
890,10,1982,Harrogate,Austria,Mess,Sonntag,57,9th,
891,11,1982,Harrogate,Belgium,Stella,Si Tu Aimes Ma Musique,96,4th,
892,12,1982,Harrogate,Spain,Lucía,Él,52,10th,
893,13,1982,Harrogate,Denmark,Brixx,Video-video,5,17th,
894,14,1982,Harrogate,Yugoslavia,Aska,Halo Halo,21,14th,
895,15,1982,Harrogate,Israel,Avi Toledano,Hora,100,2nd,
896,16,1982,Harrogate,The Netherlands,Bill van Dijk,Jij En Ik,8,16th,
897,17,1982,Harrogate,Ireland,The Duskeys,"Here Today, Gone Tomorrow",49,11th,
898,18,1982,Harrogate,Germany,Nicole,Ein Bißchen Frieden,161,1st,7JZHsMxhcaRKug5kA0DmDE
899,1,1981,Dublin,Austria,Marty Brem,Wenn Du Da Bist,20,17th,
900,2,1981,Dublin,Turkey,Modern Folk Trio and Aysegül,Dönme Dolap,9,18th,
901,3,1981,Dublin,Germany,Lena Valaitis,Johnny Blue,132,2nd,
902,4,1981,Dublin,Luxembourg,Jean-Claude Pascal,C'est Peut-être Pas L'amérique,41,11th,
903,5,1981,Dublin,Israel,Habibi,Halaylah,56,7th,
904,6,1981,Dublin,Denmark,Debbie Cameron and Tommy Seebach,Krøller Eller Ej,41,11th,
905,7,1981,Dublin,Yugoslavia,Seid-Memic Vajta,Leila,35,15th,
906,8,1981,Dublin,Finland,Riki Sorsa,Reggae O.k.,27,16th,
907,9,1981,Dublin,France,Jean Gabilou,Humanahum,125,3rd,
908,10,1981,Dublin,Spain,Bacchelli,Y Solo Tú,38,14th,1d9NXqULwsBqqdUx4Nvnl4
909,11,1981,Dublin,The Netherlands,Linda Williams,Het Is Een Wonder,51,9th,
910,12,1981,Dublin,Ireland,Sheeba,Horoscopes,105,5th,
911,13,1981,Dublin,Norway,Finn Kalvik,Aldri I Livet,—,20th,6la8jCMq0u5ZVJMTqtjjko
912,14,1981,Dublin,United Kingdom,Bucks Fizz,Making Your Mind Up,136,1st,0Azn2vpP3Sbs8qAG8e1KUc
913,15,1981,Dublin,Portugal,Carlos Paião,Play-back,9,18th,
914,16,1981,Dublin,Belgium,Emly Starr,Samson,40,13th,
915,17,1981,Dublin,Greece,Yiannis Dimitras,Feggari Kalokerino,55,8th,
916,18,1981,Dublin,Cyprus,Island,Monika,69,6th,
917,19,1981,Dublin,Switzerland,"Peter, Sue and Marc",Io Senza Tei,121,4th,
918,20,1981,Dublin,Sweden,Björn Skifs,Fångad I En Dröm,50,10th,2N2mRcSRtluXtCBV8BxiGc
919,1,1980,The-Hague,Austria,Blue Danube,Du Bist Musik,64,8th,
920,2,1980,The-Hague,Turkey,Ajda Pekkan,Petr'oil,23,15th,
921,3,1980,The-Hague,Greece,Anna Vishy and the Epikouri,Autostop,30,13th,
922,4,1980,The-Hague,Luxembourg,Sophie and Magaly,Papa Pingouin,56,9th,
923,5,1980,The-Hague,Morocco,Samira Bensaïd,Bitakat Hob,7,18th,
924,6,1980,The-Hague,Italy,Alan Sorrenti,Non So Che Darei,87,6th,0EOdowktdF7kczBbqstCfF
925,7,1980,The-Hague,Denmark,Bamses Venner,Tænker Altid På Dig,25,14th,
926,8,1980,The-Hague,Sweden,Tomas Ledin,Just Nu!,47,10th,4162ukGloFryXqeHM4y4Ha
927,9,1980,The-Hague,Switzerland,Paola,Cinéma,104,4th,
928,10,1980,The-Hague,Finland,Vesa-Matti Loiri,Huilumies,6,19th,1VhJodDO6dIqn5XfnDGBUJ
929,11,1980,The-Hague,Norway,Sverre Kjellsberg and Mattis Hætta,Sámiid Ædnan,15,16th,
930,12,1980,The-Hague,Germany,Katja Ebstein,Theater,128,2nd,
931,13,1980,The-Hague,United Kingdom,Prima Donna,Love Enough For Two,106,3rd,
932,14,1980,The-Hague,Portugal,José Cid,"Um Grande, Grande Amor",71,7th,2msgWbc4Q9sY7esGISFiWx
933,15,1980,The-Hague,The Netherlands,Maggie MacNeal,Amsterdam,93,5th,
934,16,1980,The-Hague,France,Profil,"Hé, Hé M'sieurs Dames",45,11th,
935,17,1980,The-Hague,Ireland,Johnny Logan,What's Another Year,143,1st,3ta02cB4LPfhru6F9D4CjW
936,18,1980,The-Hague,Spain,Trigo Limpio,Qué Date Esta Noche,38,12th,5hijfO71dmiQXCSRRMuJ3j
937,19,1980,The-Hague,Belgium,Telex,Euro-vision,14,17th,
938,1,1979,Jerusalem,Portugal,Manuela Bravo,"Sobe, Sobe, Balão Sobe",64,9th,5BQwJzzQdGLvbZD43zDjuW
939,2,1979,Jerusalem,Italy,Matia Bazar,Raggio Di Luna,27,15th,3061eUfdFxjY3IGb62Nx1a
940,3,1979,Jerusalem,Denmark,Tommy Seebach,Disco Tango,76,6th,
941,4,1979,Jerusalem,Ireland,Cathal Dunne,Happy Man,80,5th,
942,5,1979,Jerusalem,Finland,Katri-Helena,Katso Sineen Taivaan,38,14th,
943,6,1979,Jerusalem,Monaco,Laurent Vaguener,"Notre Vie, C'est La Musique",12,16th,
944,7,1979,Jerusalem,Greece,Elpida,Socrates,69,8th,
945,8,1979,Jerusalem,Switzerland,"Peter, Sue and Marc and Pfuri, Gorps and Kniri",Trödler Und Co.,60,10th,
946,9,1979,Jerusalem,Germany,Dschinghis Khan,Dschinghis Khan,86,4th,4m7p2dejJrMiiA1vg8LDPK
947,10,1979,Jerusalem,Israel,Milk and Honey,Hallelujah,125,1st,
948,11,1979,Jerusalem,France,Anne-Marie David,Je Suis L'enfant-soleil,106,3rd,1wRcHQKY0ixdLGoUMD0p0u
949,12,1979,Jerusalem,Belgium,Micha Marah,Hey Nana,5,18th,
950,13,1979,Jerusalem,Luxembourg,Jeane Manson,J'ai Déjà Vu ça Dans Tes Yeux,44,13th,
951,14,1979,Jerusalem,The Netherlands,Xandra,Colorado,51,12th,
952,15,1979,Jerusalem,Sweden,Ted Gärdestad,Satellit,8,17th,
953,16,1979,Jerusalem,Norway,Anita Skorgan,Oliver,57,11th,
954,17,1979,Jerusalem,United Kingdom,Black Lace,Mary Ann,73,7th,
955,18,1979,Jerusalem,Austria,Christina Simon,Heute In Jerusalem,5,18th,
956,19,1979,Jerusalem,Spain,Betty Missiego,Su Canción,116,2nd,2YDMHFV05yjkhAbh2gDm6B
957,1,1978,Paris,Ireland,Colm T. Wilkinson,Born To Sing,86,5th,
958,2,1978,Paris,Norway,Jahn Teigen,Mil Etter Mil,—,20th,2tbNnbDM8vcGxlPqzyQHNj
959,3,1978,Paris,Italy,Ricchi e Poveri,Questo Amore,53,12th,
960,4,1978,Paris,Finland,Seija Simola,Anna Rakkaudelle Tilaisuus,2,18th,6sC95DOH4NWj6c22bTZf3C
961,5,1978,Paris,Portugal,Gemini,Dai-li-dou,5,17th,
962,6,1978,Paris,France,Joël Prévost,Il Y Aura Toujours Des Violons,119,3rd,
963,7,1978,Paris,Spain,José Vélez,Bailemos Un Vals,65,9th,07HHIWiizlox1aoaxscHoj
964,8,1978,Paris,United Kingdom,Co-Co,The Bad Old Days,61,11th,
965,9,1978,Paris,Switzerland,Carole Vinci,Vivre,65,9th,
966,10,1978,Paris,Belgium,Jean Vallée,L'amour ça Fait Chanter La Vie,125,2nd,
967,11,1978,Paris,The Netherlands,Harmony,'t Is Ok,37,13th,
968,12,1978,Paris,Turkey,Nazar,Sevinçe,2,18th,
969,13,1978,Paris,Germany,Ireen Sheer,Feuer,84,6th,
970,14,1978,Paris,Monaco,Caline and Olivier Toussaint,Les Jardins De Monaco,107,4th,
971,15,1978,Paris,Greece,Tania Tsanaklidou,Charlie Chaplin,66,8th,
972,16,1978,Paris,Denmark,Mabel,Boom Boom,13,16th,
973,17,1978,Paris,Luxembourg,Baccara,Parlez-vous Français?,73,7th,5Jdagapk8O0PE29Y06uwu3
974,18,1978,Paris,Israel,Izhar Cohen and the Alphabeta,Abanibi,157,1st,
975,19,1978,Paris,Austria,Springtime,Mrs. Caroline Robinson,14,15th,
976,20,1978,Paris,Sweden,Björn Skifs,Det Blir Alltid Värre Framåt Natten,26,14th,62JiaUfaO3wA1iIvS2MYa8
977,1,1977,London,Ireland,The Swarbriggs Plus Two,It's Nice To Be In Love Again,119,3rd,
978,2,1977,London,Monaco,Michèle Torr,Une Petite Française,96,4th,29xVq0OlVUR1aXQhflX75E
979,3,1977,London,The Netherlands,Heddy Lester,De Mallemolen,35,12th,
980,4,1977,London,Austria,Schmetterlinge,Boom Boom Boomerang,11,17th,
981,5,1977,London,Norway,Anita Skorgan,Casanova,18,14th,
982,6,1977,London,Germany,Silver Convention,Telegram,55,8th,
983,7,1977,London,Luxembourg,Anne Marie B.,Frère Jacques,17,16th,
984,8,1977,London,Portugal,Os Amigos,Portugal No Coração,18,14th,
985,9,1977,London,United Kingdom,Lynsey de Paul and Mike Moran,Rock Bottom,121,2nd,
986,10,1977,London,Greece,"Pascalis, Marianna, Robert and Bessy",Mathema Solfege,92,5th,
987,11,1977,London,Israel,Ilanit,Ah-haa-vah Hee Shir Lish-naa-yim,49,11th,
988,12,1977,London,Switzerland,Pepe Lienhard Band,Swiss Lady,71,6th,
989,13,1977,London,Sweden,Forbes,Beatles,2,18th,
990,14,1977,London,Spain,Micky,Enseñame A Cantar,52,9th,3M5gx2rF2LGhql8iJBFZjs
991,15,1977,London,Italy,Mia Martini,Liberà,33,13th,
992,16,1977,London,Finland,Monica Aspelund,Lapponia,50,10th,131CXFc3np7WHcdQnyHDi6
993,17,1977,London,Belgium,Dream Express,"A Million In One, Two, Three",69,7th,
994,18,1977,London,France,Marie Myriam,L'oiseau Et L'enfant,136,1st,7Hy0CZtFcREucLDXB5jp6m
995,1,1976,The-Hague,United Kingdom,Brotherhood of Man,Save Your Kisses For Me,164,1st,
996,2,1976,The-Hague,Switzerland,"Peter, Sue and Marc","Djambo, Djambo",91,4th,
997,3,1976,The-Hague,Germany,Les Humphries Singers,"Sing, Sang, Song",12,15th,
998,4,1976,The-Hague,Israel,"Chocolate, Menta, Mastik",Emor Shalom,77,6th,
999,5,1976,The-Hague,Luxembourg,Jürgen Marcus,Chansons Pour Ceux Qui S'aiment,17,14th,
1000,6,1976,The-Hague,Belgium,Pierre Rapsat,Judy Et Cie.,68,8th,6PjYSOQXBAM08XIcWmTLQE
1001,7,1976,The-Hague,Ireland,Red Hurley,When,54,10th,
1002,8,1976,The-Hague,The Netherlands,Sandra Reemer,The Party's Over Now,56,9th,
1003,9,1976,The-Hague,Norway,Anne-Karine Ström,Mata Hari,7,18th,
1004,10,1976,The-Hague,Greece,Mariza Koch,"Panaghia Mou, Panaghia Mou",20,13th,
1005,11,1976,The-Hague,Finland,Fredi and The Friends,Pump-pump,44,11th,
1006,12,1976,The-Hague,Spain,Braulio,Sobran Las Palabras,11,16th,1QOgYW9oq5r6evWA2A4s6a
1007,13,1976,The-Hague,Italy,Romina and Al Bano,We'll Live It All Again,69,7th,
1008,14,1976,The-Hague,Austria,Waterloo and Robinson,My Little World,80,5th,
1009,15,1976,The-Hague,Portugal,Carlos do Carmo,Uma Flor De Verde Pinho,24,12th,0op9SxdoWb74vYLwO68VCP
1010,16,1976,The-Hague,Monaco,Mary Christy,"Toi, La Musique Et Moi",93,3rd,
1011,17,1976,The-Hague,France,Catherine Ferry,"Un, Deux, Trois",147,2nd,
1012,18,1976,The-Hague,Yugoslavia,Ambasadori,Ne Mogu Skriti Svoju Bol,10,17th,
1013,1,1975,Stockholm,The Netherlands,Teach-In,Ding-A-Dong,152,1st,
1014,2,1975,Stockholm,Ireland,The Swarbriggs,That's What Friends Are For,68,9th,
1015,3,1975,Stockholm,France,Nicole Rieu,Et Bonjour à Toi L'artiste,91,4th,5eGnVU7C3mRbXMergmSz9Q
1016,4,1975,Stockholm,Germany,Joy Fleming,Ein Lied Kann Eine Brücke Sein,15,17th,
1017,5,1975,Stockholm,Luxembourg,Géraldine,Toi,84,5th,
1018,6,1975,Stockholm,Norway,Ellen Nikolaysen,You Touched My Life With Summer,11,18th,
1019,7,1975,Stockholm,Switzerland,Simone Drexel,Mikado,77,6th,
1020,8,1975,Stockholm,Yugoslavia,Pepel In Kri,Dan Ljubezni,22,13th,0TJ88SNG3D6nM9kNPhx7YW
1021,9,1975,Stockholm,United Kingdom,The Shadows,Let Me Be The One,138,2nd,
1022,10,1975,Stockholm,Malta,Renato,Singing This Song,32,12th,
1023,11,1975,Stockholm,Belgium,Ann Christy,Gelukkig Zijn,17,15th,
1024,12,1975,Stockholm,Israel,Shlomo Artzi,At Ve'ani,40,11th,
1025,13,1975,Stockholm,Turkey,Semiha Yanki,Seninle Bir Dakika,3,19th,371nNwFetX7GVB7Po7Z1nu
1026,14,1975,Stockholm,Monaco,Sophie,Une Chanson C'est Une Lettre,22,13th,
1027,15,1975,Stockholm,Finland,Pihasoittajat,Old Man Fiddle,74,7th,
1028,16,1975,Stockholm,Portugal,Duarte Mendes,Madrugada,16,16th,
1029,17,1975,Stockholm,Spain,Sergio y Estíbaliz,Tú Volverás,53,10th,2KYlV00chBWcckA8smxYJW
1030,18,1975,Stockholm,Sweden,Lars Berghagen and the Dolls,"Jennie, Jennie",72,8th,
1031,19,1975,Stockholm,Italy,Wess and Dori Ghezzi,Era,115,3rd,
1032,1,1974,Brighton,Finland,Carita,Äla Mene Pois (Keep Me Warm),4,13th,
1033,2,1974,Brighton,United Kingdom,Olivia Newton-John,Long Live Love,14,4th,
1034,3,1974,Brighton,Spain,Peret,Canta Y Se Feliz,10,9th,4xuQ7KieQmHXiYdh965WQR
1035,4,1974,Brighton,Norway,Anne-Karine Ström and the Bendik Singers,The First Day Of Love,3,14th,
1036,5,1974,Brighton,Greece,Marinella,"Krassi, Thalassa Ke T'agori Mou",7,11th,
1037,6,1974,Brighton,Israel,Poogy,Natati La Khaiai,11,7th,
1038,7,1974,Brighton,Yugoslavia,Korni,Generacija 42,6,12th,
1039,8,1974,Brighton,Sweden,ABBA,Waterloo,24,1st,0RzhMHIsFMbOGh0oWDvNNK
1040,9,1974,Brighton,Luxembourg,Ireen Sheer,"Bye, Bye, I Love You",14,4th,
1041,10,1974,Brighton,Monaco,Romuald,Celui Qui Reste Et Celui Qui S'en Va,14,4th,
1042,11,1974,Brighton,Belgium,Jacques Hustin,Fleur De Liberté,10,9th,
1043,12,1974,Brighton,The Netherlands,Mouth and MacNeal,I See A Star,15,3rd,3SmDP7wT0J7NTHtzB896PD
1044,13,1974,Brighton,Ireland,Tina,Cross Your Heart,11,7th,
1045,14,1974,Brighton,Germany,Cindy und Bert,Die Sommermelodie,3,14th,
1046,15,1974,Brighton,Switzerland,Piera Martell,Mein Ruf Nach Dir,3,14th,
1047,16,1974,Brighton,Portugal,Paulo de Carvalho,E Depois Do Adeus,3,14th,6ThJAONKSkyQxnfLmmtpIh
1048,17,1974,Brighton,Italy,Gigliola Cinquetti,Si,18,2nd,
1049,1,1973,Luxembourg,Finland,Marion Rung,Tom Tom Tom,93,6th,
1050,2,1973,Luxembourg,Belgium,Nicole and Hugo,"Baby, Baby",58,17th,
1051,3,1973,Luxembourg,Portugal,Fernando Tordo,Tourada,80,10th,5x4vPEqiO7mzrI2QG3S4YV
1052,4,1973,Luxembourg,Germany,Gitte,Junger Tag,85,8th,
1053,5,1973,Luxembourg,Norway,Bendik Singers,It's Just A Game,89,7th,
1054,6,1973,Luxembourg,Monaco,Marie,Un Train Qui Part,85,8th,
1055,7,1973,Luxembourg,Spain,Mocedades,Eres Tú,125,2nd,08HeIb9BidFjKROf9ptln0
1056,8,1973,Luxembourg,Switzerland,Patrick Juvet,"Je Me Vais Marier, Marie",79,12th,
1057,9,1973,Luxembourg,Yugoslavia,Zdravko Colic,Gori Vatra,65,15th,6jy8sZcvlXJwClG6pof8XO
1058,10,1973,Luxembourg,Italy,Massimo Ranieri,Chi Sarà Con Te,74,13th,5yyEIHirG13Ya2rcBvIpC5
1059,11,1973,Luxembourg,Luxembourg,Anne-Marie David,Tu Te Reconnaîtras,129,1st,3682WlWtLmx44QNpB6Py4X
1060,12,1973,Luxembourg,Sweden,The Nova and The Dolls,You're Summer,94,5th,
1061,13,1973,Luxembourg,The Netherlands,Ben Cramer,De Oude Muzikant,69,14th,20vPs9ZVq3hcbKAs2o3QE1
1062,14,1973,Luxembourg,Ireland,Maxi,Do I Dream?,80,10th,
1063,15,1973,Luxembourg,United Kingdom,Cliff Richard,Power To All Our Friends,123,3rd,4oJxJpFIGUHlX6limr6rH1
1064,16,1973,Luxembourg,France,Martine Clémenceau,Sans Toi,65,15th,
1065,17,1973,Luxembourg,Israel,Ilanit,Ey-sham,97,4th,6XTFPBCx1F8q9V2CgXnUWO
1066,1,1972,Edinburgh,Germany,Mary Roos,Nur Die Liebe Läßt Uns Leben,107,3rd,3g2JgkeNR1csWkiYxMjnDs
1067,2,1972,Edinburgh,France,Betty Mars,Comé-comédie,81,11th,
1068,3,1972,Edinburgh,Ireland,Sandie Jones,Ceol On Ghrá,72,15th,
1069,4,1972,Edinburgh,Spain,Jaime Morey,Amanece,83,10th,
1070,5,1972,Edinburgh,United Kingdom,The New Seekers,"Beg, Steal Or Borrow",114,2nd,2xzg2um6uPJiSl5hd89wAp
1071,6,1972,Edinburgh,Norway,Grethe Kausland and Benny Borg,Småting,73,14th,
1072,7,1972,Edinburgh,Portugal,Carlos Mendes,A Festa Da Vida,90,7th,7wLYU9xbF3rGxN8ZYTy0NS
1073,8,1972,Edinburgh,Switzerland,Véronique Müller,C'est La Chanson De Mon Amour,88,8th,
1074,9,1972,Edinburgh,Malta,Helen and Joseph,L-imhabba,48,18th,3lPcK9X0uudmYsz0dvshWo
1075,10,1972,Edinburgh,Finland,Päivi Paunu and Kim Floor,Muistathan,78,12th,
1076,11,1972,Edinburgh,Austria,The Milestones,Falter Im Wind,100,5th,
1077,12,1972,Edinburgh,Italy,Nicola di Bari,I Giorni Dell' Arcobaleno,92,6th,0oNTJpKhjSGg4XCmaZtrRl
1078,13,1972,Edinburgh,Yugoslavia,Tereza,Muzika I Ti,87,9th,
1079,14,1972,Edinburgh,Sweden,Family Four,Härliga Sommardag,75,13th,2xP527eRRBFYqxiHL6DZk1
1080,15,1972,Edinburgh,Monaco,Anne-Marie Godart and Peter MacLane,Comme On S'aime,65,16th,
1081,16,1972,Edinburgh,Belgium,Serge and Christine Ghisoland,À La Folie Ou Pas Du Tout,55,17th,
1082,17,1972,Edinburgh,Luxembourg,Vicky Leandros,Après Toi,128,1st,13tx9je0ftBgu6BKpsQDo4
1083,18,1972,Edinburgh,The Netherlands,Sandra and Andres,Als Het Om De Liefde Gaat,106,4th,0EUjJWkCWNmdZmGCxzYZOH
1084,1,1971,Dublin,Austria,Marianne Mendt,Musik,66,16th,
1085,2,1971,Dublin,Malta,Joe Grech,Marija L-maltija,52,18th,3vO7n5l3c0Wa1ycc7DIgtT
1086,3,1971,Dublin,Monaco,Séverine,"Un Banc, Un Arbre, Une Rue",128,1st,
1087,4,1971,Dublin,Switzerland,"Peter, Sue and Marc",Les Illusions De Nos Vingt Ans,78,12th,
1088,5,1971,Dublin,Germany,Katja Ebstein,Diese Welt,100,3rd,
1089,6,1971,Dublin,Spain,Karina,En Un Mundo Nuevo,116,2nd,26kqG5c2t2e4UPnYQ8LuMl
1090,7,1971,Dublin,France,Serge Lama,Un Jardin Sur La Terre,82,10th,
1091,8,1971,Dublin,Luxembourg,Monique Melsen,"Pomme, Pomme, Pomme",70,13th,
1092,9,1971,Dublin,United Kingdom,Clodagh Rodgers,Jack In The Box,98,4th,
1093,10,1971,Dublin,Belgium,Lily Castel and Jacques Raymond,"Goeie Morgen, Morgen",68,14th,
1094,11,1971,Dublin,Italy,Massimo Ranieri,L'amore è Un Attimo,91,5th,1YfqKyhFhQMsJnnOAJ08oS
1095,12,1971,Dublin,Sweden,Family Four,Vita Vidder,85,6th,6cmUzhdUePOrrWL3Ofx0rV
1096,13,1971,Dublin,Ireland,Angela Farrell,One Day Love,79,11th,
1097,14,1971,Dublin,The Netherlands,Saskia and Serge,De Tijd,85,6th,
1098,15,1971,Dublin,Portugal,Tonicha,Menina Do Alto Da Serra,83,9th,
1099,16,1971,Dublin,Yugoslavia,Krunoslav Slabinac,Tvoj Djecak Je Tuzan,68,14th,
1100,17,1971,Dublin,Finland,Markku Aro and Koivisto Sisters,Tie Uuteen Päivään,84,8th,
1101,18,1971,Dublin,Norway,Hanne Krogh,Lykken Er...,65,17th,1eM9Y8taUZ9wgt2s5EdLnF
1102,1,1970,Amsterdam,The Netherlands,Patricia and Hearts of Soul,Waterman,7,7th,
1103,2,1970,Amsterdam,Switzerland,Henri Dès,Retour,8,4th,
1104,3,1970,Amsterdam,Italy,Gianni Morandi,Occhi Di Ragazza,5,8th,5U8kiKn0yGDttwymtUy5LB
1105,4,1970,Amsterdam,Yugoslavia,Eva Sren,"Pridi, Dala Ti Bom Cvet",4,11th,
1106,5,1970,Amsterdam,Belgium,Jean Vallée,Viens L'oublier,5,8th,
1107,6,1970,Amsterdam,France,Guy Bonnet,Marie Blanche,8,4th,
1108,7,1970,Amsterdam,United Kingdom,Mary Hopkin,"Knock, Knock (who's There?)",26,2nd,
1109,8,1970,Amsterdam,Luxembourg,David-Alexandre Winter,Je Suis Tombé Du Ciel,—,12th,21xC67c7diIerIlEN6pjHq
1110,9,1970,Amsterdam,Spain,Julio Iglesias,Gwendolyne,8,4th,7B4uAyj4X3qs8YXdV4wwhS
1111,10,1970,Amsterdam,Monaco,Dominique Dussault,Marlène,5,8th,
1112,11,1970,Amsterdam,Germany,Katja Ebstein,Wunder Gibt Es Immer Wieder,12,3rd,
1113,12,1970,Amsterdam,Ireland,Dana,All Kinds Of Everything,32,1st,3SJPRPwpF0MTFKPrshBeKM
1114,1,1969,Madrid,Yugoslavia,Ivan,Pozdrav Svijetu,5,13th,
1115,2,1969,Madrid,Luxembourg,Romuald,Cathérine,7,11th,
1116,3,1969,Madrid,Spain,Salomé,Vivo Cantando,18,1st,059G9tpE3kl6wz3kiddaN0
1117,4,1969,Madrid,Monaco,Jean-Jacques,"Maman, Maman",11,6th,
1118,5,1969,Madrid,Ireland,Muriel Day and the Lindsays,The Wages Of Love,10,7th,
1119,6,1969,Madrid,Italy,Iva Zanicchi,Due Grosse Lacrime Bianche,5,13th,
1120,7,1969,Madrid,United Kingdom,Lulu,Boom Bang-a-bang,18,1st,2grqeM6FaeDGmH1MUiW3kf
1121,8,1969,Madrid,The Netherlands,Lenny Kuhr,De Troubadour,18,1st,2ult3HJ9JaycnUd4ys0fIh
1122,9,1969,Madrid,Sweden,Tommy Körberg,"Judy, Min Vän",8,9th,
1123,10,1969,Madrid,Belgium,Louis Neefs,Jennifer Jennings,10,7th,1LJBjzgw3YDlFEWSvruhI4
1124,11,1969,Madrid,Switzerland,Paola del Medico,"Bonjour, Bonjour",13,5th,
1125,12,1969,Madrid,Norway,Kirsti Sparboe,"Oj, Oj, Oj, Så Glad, Jeg Skal Bli",1,16th,1wTSmFsq5noeiitpwifvIG
1126,13,1969,Madrid,Germany,Siw Malmkvist,Primaballerina,8,9th,5WfS4zGq70poqn2MVwnT6B
1127,14,1969,Madrid,France,Frida Boccara,"Un Jour, Un Enfant",18,1st,4IqC3WWUMMbLZYWzvsMMsC
1128,15,1969,Madrid,Portugal,Simone de Oliveira,Desfolhada Portuguesa,4,15th,0hk80kkwoIHqzhthFEhzag
1129,16,1969,Madrid,Finland,Jarkko and Laura,Kuin Silloin Ennen,6,12th,
1130,1,1968,London,Portugal,Carlos Mendes,Verão,5,11th,
1131,2,1968,London,The Netherlands,Ronnie Tober,Morgen,1,16th,
1132,3,1968,London,Belgium,Claude Lombard,Quand Tu Reviendras,8,7th,
1133,4,1968,London,Austria,Karel Gott,Tausend Fenster,2,13th,
1134,5,1968,London,Luxembourg,Chris Baldo and Sophie Garel,Nous Vivrons D'amour,5,11th,
1135,6,1968,London,Switzerland,Gianni Mascolo,Guardando Il Sole,2,13th,
1136,7,1968,London,Monaco,Line and Willy,A Chacun Sa Chanson,8,7th,
1137,8,1968,London,Sweden,Claes-Göran Hederström,"Det Börjar Verka Kärlek, Banne Mej",15,5th,5U7GsQ4rVaj9MrioA80kh2
1138,9,1968,London,Finland,Kristina Hautala,Kun Kello Käy,1,16th,3SmWcVeUWgambmn321IXac
1139,10,1968,London,France,Isabelle Aubret,La Source,20,3rd,67fSydtPAw4ILzqie4tD54
1140,11,1968,London,Italy,Sergio Endrigo,Marianne,7,10th,
1141,12,1968,London,United Kingdom,Cliff Richard,Congratulations,28,2nd,
1142,13,1968,London,Norway,Odd Børre,Stress,2,13th,
1143,14,1968,London,Ireland,Pat McGeegan,Chance Of A Lifetime,18,4th,
1144,15,1968,London,Spain,Massiel,"La, La, La...",29,1st,
1145,16,1968,London,Germany,Wencke Myhre,Ein Hoch Der Liebe,11,6th,3MEq3FGTTBInmV0qyve5Mo
1146,17,1968,London,Yugoslavia,Luci Kapurso and Hamo Hajdarhodzic,Jedan Dan,8,7th,
1147,1,1967,Vienna,The Netherlands,Thérèse Steinmetz,Ring-dinge,2,14th,5jw0KaceCNXI3JAndQIqVh
1148,2,1967,Vienna,Luxembourg,Vicky,L'amour Est Bleu,17,4th,
1149,3,1967,Vienna,Austria,Peter Horten,Warum Es Hunderttausend Sterne Gibt,2,14th,
1150,4,1967,Vienna,France,Noëlle Cordier,Il Doit Faire Beau Là-bas,20,3rd,
1151,5,1967,Vienna,Portugal,Eduardo Nascimento,O Vento Mudou,3,12th,0XTIjnsEWgTr5uZRTqfna5
1152,6,1967,Vienna,Switzerland,Géraldine,Quel Coeur Vas-tu Briser?,—,17th,
1153,7,1967,Vienna,Sweden,Östen Warnebring,Som En Dröm,7,8th,
1154,8,1967,Vienna,Finland,Fredi,Varjoon-suojaan,3,12th,6QmjTaH9rhim5vs7DGXsE7
1155,9,1967,Vienna,Germany,Inge Brück,Anouschka,7,8th,
1156,10,1967,Vienna,Belgium,Louis Neefs,Ik Heb Zorgen,8,7th,4NWQ1l7qulYs9I1FFiHn9K
1157,11,1967,Vienna,United Kingdom,Sandie Shaw,Puppet On A String,47,1st,7f5w4aiYgVZrp9w4bNaBLu
1158,12,1967,Vienna,Spain,Raphael,Hablemos Del Amor,9,6th,1jGnRoiQiVrEGhDW3KWfe7
1159,13,1967,Vienna,Norway,Kirsti Sparboe,Dukkemann,2,14th,7K0dXUFeCJdV5R0uSFxaiE
1160,14,1967,Vienna,Monaco,Minouche Barelli,Boum-badaboum,10,5th,
1161,15,1967,Vienna,Yugoslavia,Lado Leskovar,Vse Roze Sveta,7,8th,5T9gnM2nUHKTwu4PFNdB2n
1162,16,1967,Vienna,Italy,Claudio Villa,Non Andare Più Lontano,4,11th,
1163,17,1967,Vienna,Ireland,Sean Dunphy,If I Could Choose,22,2nd,265ldoKCn0SLxnBMh8WVlA
1164,1,1966,Luxembourg,Germany,Margot Eskens,Die Zeiger Der Uhr,7,10th,
1165,2,1966,Luxembourg,Denmark,Ulla Pia,"Stop, Ja Stop - Ja Stop, Mens Legen Er Go",4,14th,
1166,3,1966,Luxembourg,Belgium,Tonia,"Un Peu De Poivre, Un Peu De Sel",14,4th,
1167,4,1966,Luxembourg,Luxembourg,Michèle Torr,Ce Soir Je T'attendais,7,10th,
1168,5,1966,Luxembourg,Yugoslavia,Berta Ambroz,Brez Besed,9,7th,3t06beK0DldJS78EvUbLkw
1169,6,1966,Luxembourg,Norway,Åse Kleveland,Intet Er Nytt Under Solen,15,3rd,
1170,7,1966,Luxembourg,Finland,Ann-Christine Nyström,Play-boy,7,10th,
1171,8,1966,Luxembourg,Portugal,Madalena Iglesias,Ele E Ela,6,13th,
1172,9,1966,Luxembourg,Austria,Udo Jürgens,Merci Chérie,31,1st,1KHSnWFJ5a988kM1Kz2daX
1173,10,1966,Luxembourg,Sweden,Lill Lindfors and Svante Thuresson,Nygammal Vals Eller Hip Man Svinaherde,16,2nd,
1174,11,1966,Luxembourg,Spain,Raphael,Yo Soy Aquél,9,7th,6b3ub116kE1T15h1yzaiTy
1175,12,1966,Luxembourg,Switzerland,Madeleine Pascal,Ne Vois-tu Pas?,12,6th,
1176,13,1966,Luxembourg,Monaco,Tereza,Bien Plus Fort,—,17th,
1177,14,1966,Luxembourg,Italy,Domenico Modugno,Dio Come Ti Amo,—,17th,1PquWxboZacvFE5zxjA59i
1178,15,1966,Luxembourg,France,Dominique Walter,Chez Nous,1,16th,
1179,16,1966,Luxembourg,The Netherlands,Milly Scott,Fernando En Philippo,2,15th,
1180,17,1966,Luxembourg,Ireland,Dickie Rock,Come Back To Stay,14,4th,1KC4JdbHXoeQ8QcNvn20fj
1181,18,1966,Luxembourg,United Kingdom,Kenneth McKellar,A Man Without Love,8,9th,
1182,1,1965,Naples,The Netherlands,Conny Van den bos,Het Is Genoeg,5,11th,
1183,2,1965,Naples,United Kingdom,Kathy Kirby,I Belong,26,2nd,
1184,3,1965,Naples,Spain,Conchita Bautista,"Qué Bueno, Qué Bueno",—,15th,
1185,4,1965,Naples,Ireland,Butch Moore,I'm Walking The Streets In The Rain,11,6th,
1186,5,1965,Naples,Germany,Ulla Wiesner,"Paradies, Wo Bist Du?",—,15th,
1187,6,1965,Naples,Austria,Udo Jürgens,"Sag Ihr, Ich Lass' Sie Grüßen",16,4th,1WcZhRInyoWMeoy31epq2X
1188,7,1965,Naples,Norway,Kirsti Sparboe,Karusell,1,13th,
1189,8,1965,Naples,Belgium,Lize Marke,Als Het Weer Lente Is,—,15th,
1190,9,1965,Naples,Monaco,Marjorie Noël,Va Dire à L'amour,7,9th,
1191,10,1965,Naples,Sweden,Ingvar Wixell,Absent Friend,6,10th,
1192,11,1965,Naples,France,Guy Mardel,N'avoue Jamais,22,3rd,1vPCbI7QPZtU6T42uaeP8w
1193,12,1965,Naples,Portugal,Simone de Oliviera,Sol De Inverno,1,13th,
1194,13,1965,Naples,Italy,Bobby Solo,"Se Piangi, Se Ridi",15,5th,7BeAJ3S0xwXE3nelUL1rAg
1195,14,1965,Naples,Denmark,Birgit Brüel,For Din Skyld,10,7th,
1196,15,1965,Naples,Luxembourg,France Gall,"Poupée De Cire, Poupée De Son",32,1st,26tXIAnv90FCv1eJiCUusH
1197,16,1965,Naples,Finland,Viktor Klimenko,Aurinko Laskee Länteen,—,15th,3tN8omEtqE8LmGgpjQECG5
1198,17,1965,Naples,Yugoslavia,Vice Vukov,Ceznja,2,12th,
1199,18,1965,Naples,Switzerland,Yovanna,Non à Jamais Sans Toi,8,8th,2eklJtgkMIjgqLZwaouyq1
1200,1,1964,Copenhagen,Luxembourg,Hugues Aufray,Dès Que Le Printemps Revient,14,4th,0kxIQrTKCBVP45FkL6h7FR
1201,2,1964,Copenhagen,The Netherlands,Anneke Grönloh,Jij Bent Mijn Leven,2,10th,
1202,3,1964,Copenhagen,Norway,Arne Bendiksen,Spiral,6,8th,
1203,4,1964,Copenhagen,Denmark,Bjørn Tidmand,Sangen Om Dig,4,9th,6lCkVHbcAtUgkB96mF3zl3
1204,5,1964,Copenhagen,Finland,Lasse Mårtenson,Laiskotellen,9,7th,4jgHajbRfeUq3ZIliUG5Kc
1205,6,1964,Copenhagen,Austria,Udo Jürgens,"Warum Nur, Warum?",11,6th,62VgTbntUM3wYkn0wzJTkP
1206,7,1964,Copenhagen,France,Rachel,Le Chant De Mallory,14,4th,5ATFYzJdCMISJUUVRDUHMA
1207,8,1964,Copenhagen,United Kingdom,Matt Monro,I Love The Little Things,17,2nd,
1208,9,1964,Copenhagen,Germany,Nora Nova,Man Gewöhnt Sich So Schnell An Das Schöne,—,13th,
1209,10,1964,Copenhagen,Monaco,Romuald,Où Sont-elles Passées?,15,3rd,
1210,11,1964,Copenhagen,Portugal,António Calvário,Oração,—,13th,
1211,12,1964,Copenhagen,Italy,Gigliola Cinquetti,Non Ho L'étà,49,1st,5kdGFO4VenaZpQ5iRQevta
1212,13,1964,Copenhagen,Yugoslavia,Sabahudin Kurt,Zivot Je Sklopio Krug,—,13th,
1213,14,1964,Copenhagen,Switzerland,Anita Traversi,I Miei Pensieri,—,13th,
1214,15,1964,Copenhagen,Belgium,Robert Cogoi,Près De Ma Rivière,2,10th,
1215,16,1964,Copenhagen,Spain,"Tim, Nelly and Tony",Caracola,1,12th,
1216,1,1963,London,United Kingdom,Ronnie Carroll,Say Wonderful Things,28,4th,2039TuukTehudI3eDnIlfb
1217,2,1963,London,The Netherlands,Annie Palmen,Een Speeldoos,—,13th,
1218,3,1963,London,Germany,Heidi Brühl,Marcel,5,9th,
1219,4,1963,London,Austria,Carmela Corren,Vielleicht Geschieht Ein Wunder,16,7th,
1220,5,1963,London,Norway,Anita Thallaug,Solhverv,—,13th,
1221,6,1963,London,Italy,Emilio Pericoli,Uno Per Tutte,37,3rd,
1222,7,1963,London,Finland,Laila Halme,Muistojeni Laulu,—,13th,3LngkqZJ4iEqCnZzMAh88K
1223,8,1963,London,Denmark,Grethe and Jørgen Ingmann,Dansevise,42,1st,4al7yIIauEFjKjXn2STxvC
1224,9,1963,London,Yugoslavia,Vice Vukov,Brodovi,3,11th,
1225,10,1963,London,Switzerland,Esther Ofarim,T'en Va Pas,40,2nd,
1226,11,1963,London,France,Alain Barrière,Elle était Si Jolie,25,5th,6m0s4XFYpE1h63NaP6hBA9
1227,12,1963,London,Spain,José Guardiola,Algo Prodigioso,2,12th,08lZvHPOvP3MsGpxZlZ9Up
1228,13,1963,London,Sweden,Monica Zetterlund,En Gång I Stockholm,—,13th,01BlbhFULhZxyr8iEGm93d
1229,14,1963,London,Belgium,Jacques Raymond,Waarom,4,10th,
1230,15,1963,London,Monaco,Françoise Hardy,L'amour S'en Va,25,5th,7fGlVINs6TgZcCt5QMzxXq
1231,16,1963,London,Luxembourg,Nana Mouskouri,A Force De Prier,13,8th,
1232,1,1962,Luxembourg,Finland,Marion Rung,Tipi-tii,4,7th,
1233,2,1962,Luxembourg,Belgium,Fud Leclerc,Ton Nom,—,13th,
1234,3,1962,Luxembourg,Spain,Victor Balaguer,Llámame,—,13th,
1235,4,1962,Luxembourg,Austria,Eleonore Schwarz,Nur In Der Wiener Luft,—,13th,
1236,5,1962,Luxembourg,Denmark,Ellen Winther,Vuggevise,2,10th,
1237,6,1962,Luxembourg,Sweden,Inger Berggren,Sol Och Vår,4,7th,
1238,7,1962,Luxembourg,Germany,Conny Froboess,Zwei Kleine Italiener,9,6th,0thM3dVvvPrLlpJVQGcqEj
1239,8,1962,Luxembourg,The Netherlands,De Spelbrekers,Katinka,—,13th,
1240,9,1962,Luxembourg,France,Isabelle Aubret,Un Premier Amour,26,1st,4Ef10kYzHQxoDQFgXwkd8H
1241,10,1962,Luxembourg,Norway,Inger Jacobsen,"Kom Sol, Kom Regn",2,10th,0iUroSitQySYZr5tdT4StB
1242,11,1962,Luxembourg,Switzerland,Jean Philippe,Le Retour,2,10th,
1243,12,1962,Luxembourg,Yugoslavia,Lola Novakovic,Ne Pali Svetlo U Sumrak,10,4th,
1244,13,1962,Luxembourg,United Kingdom,Ronnie Carroll,Ring-a-ding Girl,10,4th,0kqdsvUnpQmnflyNw2RVvw
1245,14,1962,Luxembourg,Luxembourg,Camillo Felgen,Petit Bonhomme,11,3rd,
1246,15,1962,Luxembourg,Italy,Claudio Villa,"Addio, Addio",3,9th,
1247,16,1962,Luxembourg,Monaco,François Deguelt,Dis Rien,13,2nd,
1248,1,1961,Cannes,Spain,Conchita Bautista,Estando Contigo,8,9th,
1249,2,1961,Cannes,Monaco,Colette Deréal,"Allons, Allons Les Enfants",6,10th,
1250,3,1961,Cannes,Austria,Jimmy Makulis,Sehnsucht,1,15th,
1251,4,1961,Cannes,Finland,Laila Kinnunen,Valoa Ikkunassa,6,10th,5ePzm2kj1yhoHXQt7Wg9nD
1252,5,1961,Cannes,Yugoslavia,Ljiljana Petrovic,Neke Davne Zvezde,9,8th,5iifgVNCvItrSpFNxKjAgG
1253,6,1961,Cannes,The Netherlands,Greetje Kauffeld,Wat Een Dag,6,10th,
1254,7,1961,Cannes,Sweden,Lill-Babs,"April, April",2,14th,6dkODYmzFy7ocAszlfPlM1
1255,8,1961,Cannes,Germany,Lale Andersen,Einmal Sehen Wir Uns Wieder,3,13th,7LfdO0Tae1JXAd0JwaNZGc
1256,9,1961,Cannes,France,Jean-Paul Mauric,Printemps (avril Carillonne),13,4th,
1257,10,1961,Cannes,Switzerland,Franca di Rienzo,Nous Aurons Demain,16,3rd,
1258,11,1961,Cannes,Belgium,Bob Benny,"September, Gouden Roos",1,15th,
1259,12,1961,Cannes,Norway,Nora Brockstedt,Sommer I Palma,10,7th,4NPpSIxpQaGDWxSHvCmWGD
1260,13,1961,Cannes,Denmark,Dario Campeotto,Angelique,12,5th,
1261,14,1961,Cannes,Luxembourg,Jean-Claude Pascal,Nous Les Amoureux,31,1st,35PWl4T8d2U3a5AboajXXw
1262,15,1961,Cannes,United Kingdom,The Allisons,Are You Sure?,24,2nd,
1263,16,1961,Cannes,Italy,Betty Curtis,Al Di Là,12,5th,
1264,1,1960,London,United Kingdom,Bryan Johnson,"Looking High, High, High",25,2nd,
1265,2,1960,London,Sweden,Siw Malmkvist,Alla Andra Får Varann,4,10th,
1266,3,1960,London,Luxembourg,Camillo Felgen,So Laang We's Du Do Bast,1,13th,
1267,4,1960,London,Denmark,Katy Bødtger,Det Var En Yndig Tid,4,10th,5d9pbMLhZQmXYFyMC1NO9j
1268,5,1960,London,Belgium,Fud Leclerc,Mon Amour Pour Toi,9,6th,
1269,6,1960,London,Norway,Nora Brockstedt,Voi-voi,11,4th,4tljE9gIKxc5s0Z0VV90VN
1270,7,1960,London,Austria,Harry Winter,Du Hast Mich So Fasziniert,6,7th,
1271,8,1960,London,Monaco,François Deguelt,Ce Soir-là,15,3rd,
1272,9,1960,London,Switzerland,Anita Traversi,Cielo E Terra,5,8th,
1273,10,1960,London,The Netherlands,Rudi Carrell,Wat Een Geluk,2,12th,23m199vGQ4pRqRsjz6pWoa
1274,11,1960,London,Germany,Wyn Hoop,"Bonne Nuit, Ma Chérie!",11,4th,
1275,12,1960,London,Italy,Renato Rascel,Romantica,5,8th,
1276,13,1960,London,France,Jacqueline Boyer,Tom Pillibi,32,1st,3fZIQ0sdsy7u7YDmOpqbxS
1277,1,1959,Cannes,France,Jean Philippe,"Oui, Oui, Oui, Oui",15,3rd,
1278,2,1959,Cannes,Denmark,Birthe Wilke,Uh-jeg Ville Ønske Jeg Var Dig,12,5th,0mdmV8lDT7G3rUNoAmiEAg
1279,3,1959,Cannes,Italy,Domenico Modugno,Piove,9,6th,27S2WC5UIYWwMiHxLWwXAI
1280,4,1959,Cannes,Monaco,Jacques Pills,Mon Ami Pierrot,1,11th,
1281,5,1959,Cannes,The Netherlands,Teddy Scholten,Een Beetje,21,1st,
1282,6,1959,Cannes,Germany,Alice and Ellen Kessler,Heut' Woll'n Wir Tanzen Geh'n,5,8th,
1283,7,1959,Cannes,Sweden,Brita Borg,Augustin,4,9th,
1284,8,1959,Cannes,Switzerland,Christa Williams,Irgendwoher,14,4th,
1285,9,1959,Cannes,Austria,Ferry Graf,Der K. Und K. Kalypso Aus Wien,4,9th,
1286,10,1959,Cannes,United Kingdom,Pearl Carr and Teddy Johnson,Sing Little Birdie,16,2nd,
1287,11,1959,Cannes,Belgium,Bob Benny,Hou Toch Van Mij,9,6th,
1288,1,1958,Hilversum,Italy,Domenico Modugno,Nel Blu Dipinto Di Blu,13,3rd,006Ndmw2hHxvnLbJsBFnPx
1289,2,1958,Hilversum,The Netherlands,Corry Brokken,Heel De Wereld,1,9th,2O71HdaGDHw0pvjBOTpAT6
1290,3,1958,Hilversum,France,André Claveau,Dors Mon Amour,27,1st,2AmqArs9e0pdPzBW7IPowW
1291,4,1958,Hilversum,Luxembourg,Solange Berry,Un Grand Amour,1,9th,
1292,5,1958,Hilversum,Sweden,Alice Babs,Lilla Stjärna,10,4th,
1293,6,1958,Hilversum,Denmark,Raquel Rastenni,Jeg Rev Et Blad Ud Af Min Dagbog,3,8th,2nEHSK9YZ07207EcKEd0nv
1294,7,1958,Hilversum,Belgium,Fud Leclerc,Ma Petite Chatte,8,5th,
1295,8,1958,Hilversum,Germany,Margot Hielscher,Für Zwei Groschen Musik,5,7th,7gvmOfTwoeQsVsCyKWs6QG
1296,9,1958,Hilversum,Austria,Liane Augustin,Die Ganze Welt Braucht Liebe,8,5th,
1297,10,1958,Hilversum,Switzerland,Lys Assia,Giorgio,24,2nd,
1298,1,1957,Frankfurt,Belgium,Bobbejaan Schoepen,Straatdeuntje,5,8th,1uDTs2Ly71VpsEalVrbojy
1299,2,1957,Frankfurt,Luxembourg,Danièle Dupré,Tant De Peine,8,4th,
1300,3,1957,Frankfurt,United Kingdom,Patricia Bredin,All,6,7th,
1301,4,1957,Frankfurt,Italy,Nunzio Gallo,Corde Della Mia Chitarra,7,6th,2m7B8WNSsCOhd6V9Oa6ETW
1302,5,1957,Frankfurt,Austria,Bob Martin,"Wohin, Kleines Pony",3,10th,
1303,6,1957,Frankfurt,The Netherlands,Corry Brokken,Net Als Toen,31,1st,5pZKDGWSzdWse9hfNTsEV8
1304,7,1957,Frankfurt,Germany,Margot Hielscher,"Telefon, Telefon",8,4th,
1305,8,1957,Frankfurt,France,Paule Desjardins,La Belle Amour,17,2nd,
1306,9,1957,Frankfurt,Denmark,Birthe Wilke and Gustav Winckler,Skibet Skal Sejle I Nat,10,3rd,
1307,10,1957,Frankfurt,Switzerland,Lys Assia,L'enfant Que J'étais,5,8th,
1308,1,1956,Lugano,The Netherlands,Jetty Paerl,De Vogels Van Holland,—,2nd,
1309,2,1956,Lugano,Switzerland,Lys Assia,Das Alte Karussell,—,2nd,
1310,3,1956,Lugano,Belgium,Fud Leclerc,Messieurs Les Noyés De La Seine,—,2nd,
1311,4,1956,Lugano,Germany,Walter Andreas Schwarz,Im Wartesaal Zum Großen Glück,—,2nd,0AgEJVretpGgR19xND01Sy
1312,5,1956,Lugano,France,Mathé Altéry,Le Temps Perdu,—,2nd,
1313,6,1956,Lugano,Luxembourg,Michèle Arnaud,Ne Crois Pas,—,2nd,6FvurqfNB7a0gETC77KPRO
1314,7,1956,Lugano,Italy,Franca Raimondi,Aprite Le Finestre,—,2nd,2qlN0HtvDVR2c3f1TGT0bb
1315,8,1956,Lugano,The Netherlands,Corry Brokken,Voorgoed Voorbij,—,2nd,
1316,9,1956,Lugano,Switzerland,Lys Assia,Refrain,—,1st,
1317,10,1956,Lugano,Belgium,Mony Marc,Le Plus Beau Jour De Ma Vie,—,2nd,
1318,11,1956,Lugano,Germany,Freddy Quinn,So Geht Das Jede Nacht,—,2nd,2dnXvk1xxHNOPV59JhdR5D
1319,12,1956,Lugano,France,Dany Dauberson,Il Est Là,—,2nd,
1320,13,1956,Lugano,Luxembourg,Michèle Arnaud,Les Amants De Minuit,—,2nd,4Htfcujp7KxcgEnJeRrAbT
1321,14,1956,Lugano,Italy,Tonina Torielli,Amami Se Vuoi,—,2nd,2JkHI76Qs75j9j1mu93pA8
